Analyte,tR,t0,k,logk
2-Deoxy Glucose,6.467,1.017,5.360,0.729
2-Deoxy Glucose,6.017,0.983,5.119,0.709
2-Deoxy Glucose,5.600,0.984,4.694,0.672
2-Deoxy Glucose,5.284,0.984,4.373,0.641
2-Deoxy Glucose,5.017,0.984,4.101,0.613
2-Deoxy Glucose,4.750,0.983,3.831,0.583
2-Deoxy Glucose,4.534,0.967,3.690,0.567
2-Deoxy Glucose,4.333,0.967,3.482,0.542
2-Deoxy Glucose,4.134,0.984,3.203,0.506
2-Deoxy Glucose,3.967,0.967,3.104,0.492
2-Deoxy Glucose,3.817,0.967,2.948,0.470
2-Deoxy Glucose,3.700,0.983,2.763,0.441
2-Deoxy Glucose,3.567,0.967,2.689,0.430
2-Deoxy Glucose,3.467,0.967,2.586,0.413
2-Deoxy Glucose,3.367,0.967,2.483,0.395
2-Deoxy Glucose,3.283,0.983,2.339,0.369
2-Deoxy Glucose,3.200,0.967,2.310,0.364
2-Deoxy Glucose,3.117,0.967,2.224,0.347
2-Deoxy Glucose,3.067,0.983,2.119,0.326
2-Deoxy Glucose,2.983,0.967,2.086,0.319
2-Deoxy Glucose,2.917,0.967,2.018,0.305
2-Deoxy Glucose,2.867,0.967,1.966,0.294
2-Deoxy Glucose,2.817,0.983,1.865,0.271
2-Deoxy Glucose,2.767,0.984,1.813,0.258
2-Deoxy Glucose,2.717,0.984,1.763,0.246
Arabinose,8.667,1.033,7.387,0.868
Arabinose,7.817,0.984,6.948,0.842
Arabinose,7.050,0.984,6.168,0.790
Arabinose,6.500,0.984,5.609,0.749
Arabinose,6.033,0.983,5.135,0.711
Arabinose,5.633,0.983,4.728,0.675
Arabinose,5.284,0.984,4.373,0.641
Arabinose,4.984,0.984,4.068,0.609
Arabinose,4.684,0.967,3.845,0.585
Arabinose,4.450,0.967,3.603,0.557
Arabinose,4.250,0.967,3.396,0.531
Arabinose,4.083,0.967,3.224,0.508
Arabinose,3.917,0.983,2.983,0.475
Arabinose,3.767,0.967,2.897,0.462
Arabinose,3.650,0.967,2.775,0.443
Arabinose,3.534,0.984,2.593,0.414
Arabinose,3.417,0.967,2.535,0.404
Arabinose,3.333,0.983,2.389,0.378
Arabinose,3.233,0.967,2.344,0.370
Arabinose,3.150,0.983,2.203,0.343
Arabinose,3.067,0.967,2.172,0.337
Arabinose,3.000,0.984,2.050,0.312
Arabinose,2.934,0.984,1.983,0.297
Arabinose,2.867,0.983,1.916,0.282
Arabinose,2.800,0.984,1.847,0.266
Arabitol,1.533,0.933,0.643,-0.192
Arabitol,1.533,1.000,0.533,-0.273
Arabitol,1.534,0.984,0.560,-0.252
Arabitol,1.533,0.983,0.559,-0.253
Arabitol,1.517,0.984,0.542,-0.266
Arabitol,1.517,0.983,0.543,-0.265
Arabitol,1.517,0.984,0.542,-0.266
Arabitol,1.500,0.967,0.552,-0.258
Arabitol,1.500,0.967,0.552,-0.258
Arabitol,1.500,0.967,0.551,-0.258
Arabitol,1.500,0.967,0.552,-0.258
Arabitol,1.500,0.967,0.552,-0.258
Arabitol,1.484,0.967,0.535,-0.272
Arabitol,1.483,0.983,0.508,-0.294
Arabitol,1.484,0.984,0.509,-0.293
Arabitol,1.467,0.967,0.518,-0.286
Arabitol,1.467,0.967,0.518,-0.286
Arabitol,1.467,0.983,0.492,-0.308
Arabitol,1.467,0.983,0.492,-0.308
Arabitol,1.467,0.984,0.492,-0.308
Arabitol,1.450,0.967,0.500,-0.301
Arabitol,1.450,0.983,0.475,-0.324
Arabitol,1.450,0.967,0.500,-0.301
Arabitol,1.450,0.983,0.475,-0.324
Arabitol,1.450,0.983,0.475,-0.324
Cellobiose,61.284,0.900,67.081,1.827
Cellobiose,50.650,0.984,50.500,1.703
Cellobiose,42.917,0.984,42.637,1.630
Cellobiose,37.434,0.984,37.062,1.569
Cellobiose,33.084,0.984,32.639,1.514
Cellobiose,29.617,0.984,29.114,1.464
Cellobiose,26.767,0.984,26.216,1.419
Cellobiose,24.434,0.967,24.272,1.385
Cellobiose,22.284,0.984,21.658,1.336
Cellobiose,20.517,0.967,20.224,1.306
Cellobiose,19.050,0.967,18.707,1.272
Cellobiose,17.783,0.967,17.396,1.240
Cellobiose,16.667,0.967,16.242,1.211
Cellobiose,15.683,0.967,15.224,1.183
Cellobiose,14.800,0.967,14.310,1.156
Cellobiose,14.000,0.967,13.483,1.130
Cellobiose,13.317,0.967,12.776,1.106
Cellobiose,12.717,0.983,11.933,1.077
Cellobiose,12.100,0.984,11.303,1.053
Cellobiose,11.583,0.983,10.779,1.033
Cellobiose,11.067,0.967,10.449,1.019
Cellobiose,10.633,0.983,9.813,0.992
Cellobiose,10.217,0.967,9.567,0.981
Cellobiose,9.817,0.983,8.983,0.953
Cellobiose,9.417,0.983,8.577,0.933
Erythritol,1.267,0.900,0.408,-0.390
Erythritol,1.267,0.984,0.288,-0.540
Erythritol,1.250,0.984,0.271,-0.567
Erythritol,1.267,0.984,0.288,-0.540
Erythritol,1.267,0.984,0.288,-0.540
Erythritol,1.267,0.984,0.288,-0.540
Erythritol,1.250,0.984,0.271,-0.567
Erythritol,1.250,0.967,0.293,-0.533
Erythritol,1.267,0.984,0.288,-0.540
Erythritol,1.250,0.967,0.293,-0.533
Erythritol,1.250,0.967,0.293,-0.533
Erythritol,1.250,0.967,0.293,-0.533
Erythritol,1.250,0.967,0.293,-0.533
Erythritol,1.250,0.967,0.293,-0.533
Erythritol,1.250,0.967,0.293,-0.533
Erythritol,1.233,0.967,0.276,-0.560
Erythritol,1.250,0.967,0.293,-0.533
Erythritol,1.250,0.983,0.271,-0.567
Erythritol,1.250,0.984,0.271,-0.567
Erythritol,1.233,0.983,0.254,-0.595
Erythritol,1.233,0.967,0.276,-0.560
Erythritol,1.250,0.983,0.271,-0.567
Erythritol,1.234,0.967,0.276,-0.559
Erythritol,1.233,0.983,0.254,-0.595
Erythritol,1.233,0.983,0.254,-0.595
Fructose,18.867,1.017,17.555,1.244
Fructose,15.600,1.000,14.600,1.164
Fructose,13.267,0.984,12.490,1.097
Fructose,11.650,0.983,10.847,1.035
Fructose,10.383,0.983,9.559,0.980
Fructose,9.383,0.983,8.542,0.932
Fructose,8.584,0.984,7.728,0.888
Fructose,7.917,0.967,7.189,0.857
Fructose,7.317,0.967,6.568,0.817
Fructose,6.833,0.967,6.069,0.783
Fructose,6.434,0.984,5.542,0.744
Fructose,6.067,0.967,5.276,0.722
Fructose,5.767,0.967,4.965,0.696
Fructose,5.483,0.967,4.672,0.670
Fructose,5.250,0.967,4.431,0.647
Fructose,5.033,0.983,4.118,0.615
Fructose,4.833,0.967,4.000,0.602
Fructose,4.650,0.983,3.729,0.572
Fructose,4.500,0.984,3.575,0.553
Fructose,4.367,0.984,3.440,0.537
Fructose,4.200,0.983,3.271,0.515
Fructose,4.100,0.984,3.169,0.501
Fructose,3.983,0.983,3.051,0.484
Fructose,3.867,0.983,2.933,0.467
Fructose,3.767,0.983,2.831,0.452
Fucose,3.850,1.050,2.667,0.426
Fucose,3.634,1.000,2.633,0.421
Fucose,3.533,0.983,2.593,0.414
Fucose,3.300,0.984,2.355,0.372
Fucose,3.150,0.984,2.203,0.343
Fucose,3.033,0.983,2.084,0.319
Fucose,2.917,0.984,1.966,0.294
Fucose,2.817,0.984,1.864,0.271
Fucose,2.717,0.983,1.763,0.246
Fucose,2.633,0.967,1.724,0.236
Fucose,2.550,0.967,1.638,0.214
Fucose,2.500,0.983,1.542,0.188
Fucose,2.433,0.983,1.474,0.169
Fucose,2.367,0.967,1.449,0.161
Fucose,2.317,0.984,1.356,0.132
Fucose,2.283,0.967,1.362,0.134
Fucose,2.234,0.984,1.271,0.104
Fucose,2.200,0.967,1.275,0.106
Fucose,2.150,0.983,1.186,0.074
Fucose,2.117,0.983,1.153,0.062
Fucose,2.083,0.983,1.118,0.049
Fucose,2.050,0.967,1.120,0.049
Fucose,2.017,0.967,1.087,0.036
Fucose,1.984,0.967,1.052,0.022
Fucose,1.967,0.983,1.000,0.000
Galactitol,1.734,1.017,0.705,-0.152
Galactitol,1.733,1.000,0.733,-0.135
Galactitol,1.717,0.984,0.746,-0.127
Galactitol,1.717,0.983,0.746,-0.127
Galactitol,1.700,0.983,0.729,-0.137
Galactitol,1.700,0.983,0.729,-0.137
Galactitol,1.700,0.984,0.729,-0.138
Galactitol,1.684,0.984,0.712,-0.147
Galactitol,1.684,0.967,0.742,-0.130
Galactitol,1.667,0.967,0.724,-0.140
Galactitol,1.667,0.984,0.695,-0.158
Galactitol,1.650,0.967,0.707,-0.151
Galactitol,1.650,0.967,0.707,-0.151
Galactitol,1.650,0.967,0.707,-0.151
Galactitol,1.633,0.967,0.689,-0.162
Galactitol,1.633,0.983,0.661,-0.180
Galactitol,1.633,0.967,0.689,-0.162
Galactitol,1.633,0.983,0.661,-0.180
Galactitol,1.617,0.984,0.644,-0.191
Galactitol,1.617,0.984,0.644,-0.191
Galactitol,1.617,0.983,0.644,-0.191
Galactitol,1.600,0.984,0.627,-0.203
Galactitol,1.600,0.983,0.627,-0.203
Galactitol,1.600,0.983,0.627,-0.203
Galactitol,1.600,0.983,0.627,-0.203
Galactose,11.084,1.034,9.725,0.988
Galactose,9.934,1.000,8.932,0.951
Galactose,9.034,1.000,8.032,0.905
Galactose,8.267,0.984,7.406,0.870
Galactose,7.650,0.984,6.778,0.831
Galactose,7.117,0.967,6.361,0.804
Galactose,6.667,0.967,5.897,0.771
Galactose,6.284,0.967,5.500,0.740
Galactose,5.950,0.967,5.155,0.712
Galactose,5.633,0.967,4.827,0.684
Galactose,5.384,0.984,4.474,0.651
Galactose,5.134,0.967,4.310,0.634
Galactose,4.933,0.967,4.103,0.613
Galactose,4.734,0.967,3.896,0.591
Galactose,4.567,0.984,3.644,0.562
Galactose,4.400,0.967,3.552,0.550
Galactose,4.250,0.967,3.396,0.531
Galactose,4.134,0.984,3.203,0.506
Galactose,4.017,0.983,3.085,0.489
Galactose,3.900,0.967,3.034,0.482
Galactose,3.800,0.984,2.864,0.457
Galactose,3.684,0.967,2.810,0.449
Galactose,3.600,0.983,2.661,0.425
Galactose,3.500,0.967,2.620,0.418
Galactose,3.433,0.983,2.491,0.396
Gentobiose,52.134,1.017,50.271,1.701
Gentobiose,43.917,1.000,42.917,1.633
Gentobiose,37.700,0.983,37.339,1.572
Gentobiose,33.200,0.983,32.763,1.515
Gentobiose,29.583,0.983,29.084,1.464
Gentobiose,26.650,0.983,26.102,1.417
Gentobiose,24.250,0.984,23.657,1.374
Gentobiose,22.234,0.967,21.997,1.342
Gentobiose,20.317,0.967,20.014,1.301
Gentobiose,18.767,0.967,18.414,1.265
Gentobiose,17.517,0.984,16.811,1.226
Gentobiose,16.400,0.967,15.966,1.203
Gentobiose,15.417,0.967,14.946,1.175
Gentobiose,14.533,0.967,14.034,1.147
Gentobiose,13.750,0.967,13.224,1.121
Gentobiose,13.050,0.983,12.271,1.089
Gentobiose,12.433,0.967,11.862,1.074
Gentobiose,11.850,0.983,11.051,1.043
Gentobiose,11.350,0.984,10.540,1.023
Gentobiose,10.850,0.984,10.032,1.001
Gentobiose,10.367,0.983,9.543,0.980
Gentobiose,10.000,0.984,9.168,0.962
Gentobiose,9.633,0.983,8.796,0.944
Gentobiose,9.250,0.983,8.407,0.925
Gentobiose,8.917,0.983,8.068,0.907
Glucose,13.083,1.017,11.869,1.074
Glucose,11.434,1.000,10.432,1.018
Glucose,10.117,0.983,9.288,0.968
Glucose,9.150,0.984,8.304,0.919
Glucose,8.350,0.983,7.492,0.875
Glucose,7.700,0.983,6.831,0.834
Glucose,7.150,0.984,6.270,0.797
Glucose,6.667,0.967,5.897,0.771
Glucose,6.217,0.967,5.430,0.735
Glucose,5.867,0.967,5.069,0.705
Glucose,5.550,0.967,4.741,0.676
Glucose,5.283,0.967,4.465,0.650
Glucose,5.050,0.967,4.224,0.626
Glucose,4.850,0.967,4.016,0.604
Glucose,4.650,0.967,3.810,0.581
Glucose,4.483,0.967,3.638,0.561
Glucose,4.317,0.967,3.466,0.540
Glucose,4.183,0.967,3.327,0.522
Glucose,4.050,0.967,3.190,0.504
Glucose,3.933,0.983,3.000,0.477
Glucose,3.800,0.967,2.930,0.467
Glucose,3.717,0.984,2.779,0.444
Glucose,3.617,0.967,2.742,0.438
Glucose,3.533,0.983,2.593,0.414
Glucose,3.450,0.967,2.568,0.410
Glycerol,1.167,1.034,0.129,-0.889
Glycerol,1.167,1.000,0.167,-0.778
Glycerol,1.150,0.984,0.169,-0.771
Glycerol,1.150,0.984,0.169,-0.771
Glycerol,1.167,0.983,0.187,-0.729
Glycerol,1.150,0.984,0.169,-0.771
Glycerol,1.150,0.984,0.169,-0.771
Glycerol,1.150,0.983,0.169,-0.771
Glycerol,1.150,0.967,0.189,-0.723
Glycerol,1.167,0.983,0.187,-0.729
Glycerol,1.167,0.984,0.187,-0.729
Glycerol,1.167,0.967,0.207,-0.684
Glycerol,1.150,0.967,0.190,-0.722
Glycerol,1.150,0.967,0.189,-0.723
Glycerol,1.167,0.984,0.187,-0.729
Glycerol,1.150,0.967,0.189,-0.723
Glycerol,1.150,0.984,0.169,-0.771
Glycerol,1.150,0.967,0.189,-0.723
Glycerol,1.150,0.967,0.190,-0.722
Glycerol,1.150,0.967,0.190,-0.722
Glycerol,1.150,0.984,0.169,-0.771
Glycerol,1.150,0.983,0.169,-0.771
Glycerol,1.150,0.983,0.169,-0.771
Glycerol,1.150,0.984,0.169,-0.771
Glycerol,1.150,0.984,0.169,-0.771
Lactose,34.417,1.017,32.853,1.517
Lactose,28.833,0.983,28.322,1.452
Lactose,24.700,0.983,24.119,1.382
Lactose,21.717,0.984,21.081,1.324
Lactose,19.367,0.984,18.692,1.272
Lactose,17.450,0.983,16.746,1.224
Lactose,15.884,0.967,15.429,1.188
Lactose,14.600,0.967,14.103,1.149
Lactose,13.384,0.984,12.609,1.101
Lactose,12.400,0.967,11.828,1.073
Lactose,11.600,0.967,10.998,1.041
Lactose,10.883,0.983,10.067,1.003
Lactose,10.250,0.967,9.602,0.982
Lactose,9.700,0.967,9.033,0.956
Lactose,9.200,0.967,8.517,0.930
Lactose,8.750,0.983,7.898,0.898
Lactose,8.350,0.967,7.638,0.883
Lactose,8.000,0.967,7.274,0.862
Lactose,7.717,0.983,6.848,0.836
Lactose,7.367,0.967,6.621,0.821
Lactose,7.067,0.967,6.311,0.800
Lactose,6.817,0.967,6.052,0.782
Lactose,6.583,0.983,5.695,0.755
Lactose,6.367,0.984,5.474,0.738
Lactose,6.167,0.984,5.270,0.722
Lactulose,40.117,1.034,37.817,1.578
Lactulose,32.350,1.000,31.345,1.496
Lactulose,26.867,0.984,26.318,1.420
Lactulose,23.100,0.984,22.488,1.352
Lactulose,20.250,0.983,19.593,1.292
Lactulose,18.017,0.984,17.319,1.239
Lactulose,16.234,0.984,15.506,1.191
Lactulose,14.800,0.983,14.051,1.148
Lactulose,13.450,0.967,12.911,1.111
Lactulose,12.417,0.983,11.627,1.065
Lactulose,11.567,0.984,10.761,1.032
Lactulose,10.817,0.967,10.190,1.008
Lactulose,10.150,0.967,9.500,0.978
Lactulose,9.567,0.967,8.895,0.949
Lactulose,9.067,0.984,8.219,0.915
Lactulose,8.600,0.967,7.895,0.897
Lactulose,8.200,0.984,7.338,0.866
Lactulose,7.834,0.967,7.103,0.851
Lactulose,7.517,0.967,6.776,0.831
Lactulose,7.200,0.967,6.448,0.809
Lactulose,6.884,0.984,5.999,0.778
Lactulose,6.650,0.983,5.763,0.761
Lactulose,6.417,0.983,5.526,0.742
Lactulose,6.184,0.984,5.288,0.723
Lactulose,5.984,0.984,5.084,0.706
Lyxose,14.567,1.050,12.873,1.110
Lyxose,12.200,1.000,11.198,1.049
Lyxose,10.500,0.984,9.676,0.986
Lyxose,9.300,0.984,8.456,0.927
Lyxose,8.334,0.984,7.474,0.874
Lyxose,7.583,0.983,6.712,0.827
Lyxose,6.967,0.984,6.084,0.784
Lyxose,6.450,0.984,5.558,0.745
Lyxose,5.983,0.983,5.084,0.706
Lyxose,5.600,0.967,4.793,0.681
Lyxose,5.300,0.967,4.483,0.652
Lyxose,5.017,0.983,4.102,0.613
Lyxose,4.783,0.983,3.864,0.587
Lyxose,4.567,0.967,3.724,0.571
Lyxose,4.384,0.984,3.458,0.539
Lyxose,4.200,0.967,3.345,0.524
Lyxose,4.067,0.984,3.135,0.496
Lyxose,3.934,0.967,3.069,0.487
Lyxose,3.800,0.983,2.864,0.457
Lyxose,3.683,0.983,2.745,0.439
Lyxose,3.567,0.983,2.627,0.420
Lyxose,3.467,0.967,2.586,0.413
Lyxose,3.383,0.967,2.500,0.398
Lyxose,3.284,0.967,2.397,0.380
Lyxose,3.200,0.983,2.254,0.353
Maltitol,5.283,1.034,4.112,0.614
Maltitol,5.167,1.000,4.166,0.620
Maltitol,5.034,0.984,4.118,0.615
Maltitol,4.917,0.984,3.999,0.602
Maltitol,4.800,0.983,3.881,0.589
Maltitol,4.684,0.984,3.763,0.575
Maltitol,4.567,0.984,3.644,0.562
Maltitol,4.483,0.983,3.559,0.551
Maltitol,4.334,0.967,3.483,0.542
Maltitol,4.267,0.983,3.339,0.524
Maltitol,4.184,0.984,3.254,0.512
Maltitol,4.100,0.967,3.241,0.511
Maltitol,4.017,0.967,3.156,0.499
Maltitol,3.934,0.967,3.069,0.487
Maltitol,3.867,0.984,2.932,0.467
Maltitol,3.800,0.967,2.930,0.467
Maltitol,3.734,0.984,2.797,0.447
Maltitol,3.667,0.967,2.793,0.446
Maltitol,3.617,0.967,2.742,0.438
Maltitol,3.550,0.967,2.672,0.427
Maltitol,3.500,0.984,2.559,0.408
Maltitol,3.450,0.983,2.508,0.399
Maltitol,3.400,0.983,2.458,0.391
Maltitol,3.350,0.984,2.406,0.381
Maltitol,3.300,0.984,2.355,0.372
Mannosamine,9.067,1.017,7.917,0.899
Mannosamine,7.833,1.000,6.833,0.835
Mannosamine,6.883,0.983,6.000,0.778
Mannosamine,6.217,0.983,5.322,0.726
Mannosamine,5.667,0.983,4.763,0.678
Mannosamine,5.217,0.983,4.305,0.634
Mannosamine,4.850,0.984,3.931,0.595
Mannosamine,4.550,0.967,3.706,0.569
Mannosamine,4.250,0.967,3.396,0.531
Mannosamine,4.017,0.967,3.156,0.499
Mannosamine,3.834,0.984,2.898,0.462
Mannosamine,3.650,0.967,2.776,0.443
Mannosamine,3.500,0.967,2.620,0.418
Mannosamine,3.367,0.967,2.483,0.395
Mannosamine,3.250,0.967,2.362,0.373
Mannosamine,3.150,0.983,2.203,0.343
Mannosamine,3.050,0.967,2.155,0.333
Mannosamine,2.967,0.983,2.017,0.305
Mannosamine,2.884,0.984,1.932,0.286
Mannosamine,2.817,0.984,1.864,0.271
Mannosamine,2.733,0.983,1.779,0.250
Mannosamine,2.667,0.984,1.712,0.233
Mannosamine,2.617,0.983,1.661,0.220
Mannosamine,2.550,0.983,1.593,0.202
Mannosamine,2.517,0.983,1.560,0.193
Mannose,16.550,1.033,15.016,1.177
Mannose,13.717,1.000,12.717,1.104
Mannose,11.617,0.984,10.812,1.034
Mannose,10.183,0.983,9.356,0.971
Mannose,9.067,0.984,8.219,0.915
Mannose,8.183,0.983,7.322,0.865
Mannose,7.467,0.984,6.592,0.819
Mannose,6.900,0.967,6.138,0.788
Mannose,6.367,0.967,5.587,0.747
Mannose,5.934,0.967,5.138,0.711
Mannose,5.600,0.967,4.793,0.681
Mannose,5.300,0.967,4.483,0.652
Mannose,5.034,0.967,4.207,0.624
Mannose,4.783,0.983,3.864,0.587
Mannose,4.584,0.984,3.661,0.564
Mannose,4.400,0.967,3.552,0.550
Mannose,4.233,0.967,3.379,0.529
Mannose,4.067,0.983,3.136,0.496
Mannose,3.950,0.983,3.017,0.480
Mannose,3.817,0.984,2.881,0.460
Mannose,3.683,0.967,2.810,0.449
Mannose,3.600,0.983,2.661,0.425
Mannose,3.483,0.967,2.603,0.415
Mannose,3.400,0.983,2.458,0.391
Mannose,3.317,0.983,2.373,0.375
Melibiose,23.983,1.050,21.841,1.339
Melibiose,20.100,1.000,19.097,1.281
Melibiose,17.234,0.984,16.523,1.218
Melibiose,15.234,0.984,14.490,1.161
Melibiose,13.600,0.984,12.828,1.108
Melibiose,12.300,0.983,11.508,1.061
Melibiose,11.234,0.984,10.422,1.018
Melibiose,10.367,0.984,9.541,0.980
Melibiose,9.533,0.983,8.695,0.939
Melibiose,8.883,0.967,8.189,0.913
Melibiose,8.333,0.967,7.620,0.882
Melibiose,7.850,0.983,6.983,0.844
Melibiose,7.433,0.983,6.559,0.817
Melibiose,7.050,0.967,6.293,0.799
Melibiose,6.717,0.984,5.830,0.766
Melibiose,6.417,0.967,5.638,0.751
Melibiose,6.150,0.984,5.253,0.720
Melibiose,5.917,0.967,5.120,0.709
Melibiose,5.683,0.983,4.779,0.679
Melibiose,5.483,0.983,4.576,0.660
Melibiose,5.283,0.983,4.373,0.641
Melibiose,5.100,0.967,4.275,0.631
Melibiose,4.933,0.967,4.103,0.613
Melibiose,4.767,0.967,3.931,0.594
Melibiose,4.633,0.983,3.712,0.570
N-acetyl-glucosamine,15.833,1.017,14.573,1.164
N-acetyl-glucosamine,12.517,0.983,11.729,1.069
N-acetyl-glucosamine,10.350,0.983,9.525,0.979
N-acetyl-glucosamine,8.934,0.984,8.084,0.908
N-acetyl-glucosamine,7.867,0.983,7.000,0.845
N-acetyl-glucosamine,7.067,0.984,6.186,0.791
N-acetyl-glucosamine,6.417,0.984,5.525,0.742
N-acetyl-glucosamine,5.900,0.983,5.000,0.699
N-acetyl-glucosamine,5.450,0.983,4.542,0.657
N-acetyl-glucosamine,5.084,0.984,4.169,0.620
N-acetyl-glucosamine,4.784,0.967,3.948,0.596
N-acetyl-glucosamine,4.517,0.967,3.673,0.565
N-acetyl-glucosamine,4.300,0.983,3.373,0.528
N-acetyl-glucosamine,4.100,0.983,3.169,0.501
N-acetyl-glucosamine,3.917,0.967,3.052,0.485
N-acetyl-glucosamine,3.767,0.967,2.896,0.462
N-acetyl-glucosamine,3.634,0.984,2.695,0.431
N-acetyl-glucosamine,3.500,0.983,2.559,0.408
N-acetyl-glucosamine,3.400,0.967,2.517,0.401
N-acetyl-glucosamine,3.283,0.967,2.396,0.380
N-acetyl-glucosamine,3.200,0.983,2.254,0.353
N-acetyl-glucosamine,3.100,0.983,2.153,0.333
N-acetyl-glucosamine,3.017,0.983,2.068,0.316
N-acetyl-glucosamine,2.950,0.984,1.999,0.301
N-acetyl-glucosamine,2.884,0.984,1.932,0.286
Raffinose,27.917,1.033,26.016,1.415
Raffinose,26.500,1.000,25.500,1.407
Raffinose,24.917,0.983,24.339,1.386
Raffinose,23.633,0.983,23.034,1.362
Raffinose,22.434,0.984,21.810,1.339
Raffinose,21.300,0.983,20.661,1.315
Raffinose,20.284,0.984,19.624,1.293
Raffinose,19.367,0.967,19.035,1.280
Raffinose,18.250,0.967,17.879,1.252
Raffinose,17.384,0.967,16.980,1.230
Raffinose,16.683,0.967,16.258,1.211
Raffinose,16.000,0.967,15.552,1.192
Raffinose,15.384,0.967,14.912,1.174
Raffinose,14.800,0.983,14.051,1.148
Raffinose,14.250,0.984,13.489,1.130
Raffinose,13.750,0.967,13.224,1.121
Raffinose,13.283,0.967,12.741,1.105
Raffinose,12.833,0.983,12.051,1.081
Raffinose,12.467,0.983,11.678,1.067
Raffinose,12.067,0.984,11.269,1.052
Raffinose,11.633,0.967,11.034,1.043
Raffinose,11.350,0.983,10.542,1.023
Raffinose,10.983,0.967,10.362,1.015
Raffinose,10.650,0.983,9.831,0.993
Raffinose,10.350,0.983,9.525,0.979
Rhamnose,8.483,1.033,7.209,0.858
Rhamnose,7.317,1.000,6.317,0.801
Rhamnose,6.384,0.984,5.491,0.740
Rhamnose,5.733,0.983,4.830,0.684
Rhamnose,5.200,0.984,4.287,0.632
Rhamnose,4.783,0.983,3.864,0.587
Rhamnose,4.450,0.984,3.525,0.547
Rhamnose,4.150,0.967,3.293,0.518
Rhamnose,3.900,0.967,3.034,0.482
Rhamnose,3.684,0.967,2.810,0.449
Rhamnose,3.517,0.967,2.638,0.421
Rhamnose,3.350,0.967,2.466,0.392
Rhamnose,3.217,0.967,2.327,0.367
Rhamnose,3.100,0.983,2.153,0.333
Rhamnose,2.984,0.984,2.034,0.308
Rhamnose,2.900,0.967,2.000,0.301
Rhamnose,2.800,0.967,1.897,0.278
Rhamnose,2.717,0.983,1.763,0.246
Rhamnose,2.667,0.983,1.712,0.234
Rhamnose,2.600,0.984,1.644,0.216
Rhamnose,2.517,0.967,1.604,0.205
Rhamnose,2.483,0.983,1.525,0.183
Rhamnose,2.417,0.967,1.500,0.176
Rhamnose,2.383,0.983,1.423,0.153
Rhamnose,2.333,0.983,1.373,0.138
Ribitol,1.767,0.934,0.893,-0.049
Ribitol,1.750,0.984,0.779,-0.108
Ribitol,1.750,0.983,0.780,-0.108
Ribitol,1.734,0.984,0.763,-0.117
Ribitol,1.733,0.983,0.762,-0.118
Ribitol,1.733,0.983,0.762,-0.118
Ribitol,1.717,0.984,0.746,-0.127
Ribitol,1.717,0.984,0.746,-0.127
Ribitol,1.700,0.967,0.758,-0.120
Ribitol,1.684,0.967,0.742,-0.130
Ribitol,1.684,0.967,0.742,-0.130
Ribitol,1.683,0.967,0.741,-0.130
Ribitol,1.667,0.983,0.695,-0.158
Ribitol,1.667,0.967,0.724,-0.140
Ribitol,1.650,0.967,0.707,-0.151
Ribitol,1.650,0.984,0.678,-0.169
Ribitol,1.633,0.967,0.689,-0.162
Ribitol,1.633,0.983,0.661,-0.180
Ribitol,1.633,0.967,0.689,-0.162
Ribitol,1.633,0.983,0.661,-0.180
Ribitol,1.617,0.967,0.672,-0.172
Ribitol,1.617,0.984,0.644,-0.191
Ribitol,1.617,0.984,0.644,-0.191
Ribitol,1.600,0.983,0.627,-0.203
Ribitol,1.600,0.984,0.627,-0.203
Ribose,20.367,1.034,18.707,1.272
Ribose,16.967,1.000,15.964,1.203
Ribose,14.534,1.000,13.532,1.131
Ribose,12.767,0.984,11.981,1.078
Ribose,11.400,0.984,10.591,1.025
Ribose,10.300,0.967,9.653,0.985
Ribose,9.433,0.967,8.758,0.942
Ribose,8.700,0.967,7.998,0.903
Ribose,8.083,0.967,7.362,0.867
Ribose,7.550,0.967,6.810,0.833
Ribose,7.100,0.984,6.219,0.794
Ribose,6.700,0.967,5.930,0.773
Ribose,6.367,0.967,5.587,0.747
Ribose,6.050,0.967,5.258,0.721
Ribose,5.784,0.984,4.881,0.689
Ribose,5.533,0.967,4.724,0.674
Ribose,5.317,0.967,4.499,0.653
Ribose,5.117,0.984,4.203,0.624
Ribose,4.950,0.983,4.034,0.606
Ribose,4.767,0.967,3.931,0.594
Ribose,4.617,0.984,3.694,0.568
Ribose,4.467,0.967,3.620,0.559
Ribose,4.350,0.983,3.424,0.534
Ribose,4.200,0.967,3.344,0.524
Ribose,4.100,0.983,3.169,0.501
Sorbitol,1.800,1.017,0.770,-0.113
Sorbitol,1.783,0.983,0.813,-0.090
Sorbitol,1.767,0.984,0.797,-0.099
Sorbitol,1.767,0.984,0.797,-0.099
Sorbitol,1.750,0.983,0.780,-0.108
Sorbitol,1.750,0.984,0.779,-0.108
Sorbitol,1.734,0.984,0.763,-0.117
Sorbitol,1.733,0.983,0.762,-0.118
Sorbitol,1.717,0.983,0.746,-0.127
Sorbitol,1.717,0.984,0.746,-0.127
Sorbitol,1.700,0.967,0.758,-0.120
Sorbitol,1.683,0.967,0.741,-0.130
Sorbitol,1.683,0.983,0.712,-0.148
Sorbitol,1.683,0.983,0.712,-0.148
Sorbitol,1.667,0.967,0.724,-0.140
Sorbitol,1.667,0.967,0.724,-0.140
Sorbitol,1.650,0.984,0.678,-0.169
Sorbitol,1.650,0.983,0.678,-0.169
Sorbitol,1.634,0.967,0.690,-0.161
Sorbitol,1.633,0.967,0.689,-0.162
Sorbitol,1.633,0.983,0.661,-0.180
Sorbitol,1.617,0.983,0.644,-0.191
Sorbitol,1.617,0.983,0.644,-0.191
Sorbitol,1.617,0.984,0.644,-0.191
Sorbitol,1.600,0.984,0.627,-0.203
Sorbose,19.934,0.934,20.354,1.309
Sorbose,16.434,0.984,15.710,1.196
Sorbose,13.967,0.983,13.204,1.121
Sorbose,12.217,0.984,11.422,1.058
Sorbose,10.867,0.983,10.051,1.002
Sorbose,9.817,0.983,8.983,0.953
Sorbose,8.967,0.984,8.117,0.909
Sorbose,8.267,0.984,7.406,0.870
Sorbose,7.617,0.967,6.878,0.837
Sorbose,7.117,0.967,6.361,0.804
Sorbose,6.684,0.967,5.913,0.772
Sorbose,6.317,0.967,5.535,0.743
Sorbose,6.000,0.983,5.102,0.708
Sorbose,5.700,0.967,4.897,0.690
Sorbose,5.450,0.967,4.637,0.666
Sorbose,5.217,0.984,4.305,0.634
Sorbose,5.017,0.967,4.190,0.622
Sorbose,4.833,0.983,3.915,0.593
Sorbose,4.683,0.967,3.844,0.585
Sorbose,4.517,0.983,3.594,0.556
Sorbose,4.367,0.967,3.517,0.546
Sorbose,4.234,0.984,3.305,0.519
Sorbose,4.117,0.984,3.186,0.503
Sorbose,4.000,0.983,3.068,0.487
Sorbose,3.884,0.984,2.949,0.470
Sucrose,13.450,0.900,13.942,1.144
Sucrose,12.834,0.984,12.049,1.081
Sucrose,12.217,0.984,11.422,1.058
Sucrose,11.700,0.984,10.896,1.037
Sucrose,11.217,0.984,10.405,1.017
Sucrose,10.767,0.984,9.948,0.998
Sucrose,10.350,0.984,9.524,0.979
Sucrose,9.967,0.967,9.309,0.969
Sucrose,9.517,0.984,8.677,0.938
Sucrose,9.150,0.967,8.466,0.928
Sucrose,8.850,0.967,8.155,0.911
Sucrose,8.550,0.967,7.845,0.895
Sucrose,8.283,0.967,7.569,0.879
Sucrose,8.033,0.967,7.310,0.864
Sucrose,7.800,0.967,7.069,0.849
Sucrose,7.567,0.967,6.828,0.834
Sucrose,7.383,0.967,6.638,0.822
Sucrose,7.200,0.983,6.322,0.801
Sucrose,7.000,0.984,6.117,0.787
Sucrose,6.833,0.983,5.949,0.774
Sucrose,6.650,0.967,5.879,0.769
Sucrose,6.500,0.983,5.610,0.749
Sucrose,6.350,0.967,5.568,0.746
Sucrose,6.200,0.983,5.305,0.725
Sucrose,6.050,0.983,5.153,0.712
Trehalose,2.284,1.034,1.210,0.083
Trehalose,2.267,1.000,1.267,0.103
Trehalose,2.250,1.000,1.250,0.097
Trehalose,2.234,0.984,1.271,0.104
Trehalose,2.217,0.984,1.254,0.098
Trehalose,2.184,0.967,1.259,0.100
Trehalose,2.167,0.967,1.242,0.094
Trehalose,2.167,0.967,1.241,0.094
Trehalose,2.133,0.967,1.207,0.082
Trehalose,2.133,0.967,1.207,0.082
Trehalose,2.117,0.984,1.153,0.062
Trehalose,2.100,0.967,1.172,0.069
Trehalose,2.083,0.967,1.155,0.063
Trehalose,2.067,0.967,1.138,0.056
Trehalose,2.067,0.984,1.102,0.042
Trehalose,2.033,0.967,1.103,0.043
Trehalose,2.017,0.967,1.086,0.036
Trehalose,2.017,0.984,1.051,0.022
Trehalose,2.000,0.983,1.034,0.014
Trehalose,2.000,0.967,1.069,0.029
Trehalose,1.984,0.984,1.017,0.007
Trehalose,1.967,0.967,1.034,0.015
Trehalose,1.967,0.983,1.000,0.000
Trehalose,1.950,0.967,1.017,0.007
Trehalose,1.933,0.983,0.966,-0.015
Xylose,15.450,1.034,13.949,1.145
Xylose,13.284,1.000,12.282,1.089
Xylose,11.583,0.983,10.779,1.033
Xylose,10.317,0.984,9.490,0.977
Xylose,9.317,0.983,8.475,0.928
Xylose,8.500,0.984,7.643,0.883
Xylose,7.834,0.984,6.965,0.843
Xylose,7.267,0.983,6.390,0.806
Xylose,6.734,0.967,5.965,0.776
Xylose,6.333,0.983,5.440,0.736
Xylose,5.984,0.984,5.084,0.706
Xylose,5.667,0.967,4.862,0.687
Xylose,5.400,0.967,4.586,0.661
Xylose,5.150,0.967,4.327,0.636
Xylose,4.934,0.984,4.017,0.604
Xylose,4.734,0.967,3.896,0.591
Xylose,4.567,0.984,3.644,0.562
Xylose,4.400,0.967,3.551,0.550
Xylose,4.267,0.967,3.414,0.533
Xylose,4.133,0.967,3.276,0.515
Xylose,3.984,0.984,3.051,0.484
Xylose,3.883,0.983,2.949,0.470
Xylose,3.783,0.983,2.847,0.454
Xylose,3.684,0.984,2.746,0.439
Xylose,3.584,0.984,2.644,0.422
