Protein #,Protein name,Peptide #,MH+,Charge,m/z,XC,Delta Cn,Sp,A,R,N,D,C,E,Q,G,H,I,L,K,M,F,P,S,T,W,Y,V,tR / min
1,Malate dehydrogenase,1,1424.60,1,1424.6022,0.76,0.30,88.6,0.000,0.000,0.000,4.358,0.000,0.000,0.000,2.850,0.000,6.355,14.670,1.525,3.385,0.000,1.778,1.458,0.000,0.000,6.728,0.000,0.66
1,Malate dehydrogenase,2,1424.60,1,1424.6022,0.67,0.07,71.1,0.000,0.000,0.000,4.358,0.000,0.000,0.000,2.850,0.000,6.355,14.670,1.525,3.385,0.000,1.778,1.458,0.000,0.000,6.728,0.000,0.74
1,Malate dehydrogenase,3,1424.60,1,1424.6022,0.60,0.27,76.5,0.000,0.000,0.000,4.358,0.000,0.000,0.000,2.850,0.000,6.355,14.670,1.525,3.385,0.000,1.778,1.458,0.000,0.000,6.728,0.000,1.06
1,Malate dehydrogenase,4,1424.60,1,1424.6022,0.61,0.03,83.5,0.000,0.000,0.000,4.358,0.000,0.000,0.000,2.850,0.000,6.355,14.670,1.525,3.385,0.000,1.778,1.458,0.000,0.000,6.728,0.000,1.09
1,Malate dehydrogenase,5,1424.60,1,1424.6022,0.73,0.11,79.0,0.000,0.000,0.000,4.358,0.000,0.000,0.000,2.850,0.000,6.355,14.670,1.525,3.385,0.000,1.778,1.458,0.000,0.000,6.728,0.000,1.12
1,Malate dehydrogenase,6,1424.60,1,1424.6022,0.76,0.10,73.3,0.000,0.000,0.000,4.358,0.000,0.000,0.000,2.850,0.000,6.355,14.670,1.525,3.385,0.000,1.778,1.458,0.000,0.000,6.728,0.000,2.74
1,Malate dehydrogenase,7,1424.60,1,1424.6022,0.69,0.30,59.3,0.000,0.000,0.000,4.358,0.000,0.000,0.000,2.850,0.000,6.355,14.670,1.525,3.385,0.000,1.778,1.458,0.000,0.000,6.728,0.000,3.17
1,Malate dehydrogenase,8,1424.60,1,1424.6022,0.95,0.22,84.2,0.000,0.000,0.000,4.358,0.000,0.000,0.000,2.850,0.000,6.355,14.670,1.525,3.385,0.000,1.778,1.458,0.000,0.000,6.728,0.000,3.32
1,Malate dehydrogenase,9,1424.60,1,1424.6022,0.58,0.09,82.2,0.000,0.000,0.000,4.358,0.000,0.000,0.000,2.850,0.000,6.355,14.670,1.525,3.385,0.000,1.778,1.458,0.000,0.000,6.728,0.000,3.94
1,Malate dehydrogenase,10,1424.60,1,1424.6022,0.60,0.03,107.5,0.000,0.000,0.000,4.358,0.000,0.000,0.000,2.850,0.000,6.355,14.670,1.525,3.385,0.000,1.778,1.458,0.000,0.000,6.728,0.000,4.08
1,Malate dehydrogenase,11,1424.60,1,1424.6022,0.64,0.24,124.4,0.000,0.000,0.000,4.358,0.000,0.000,0.000,2.850,0.000,6.355,14.670,1.525,3.385,0.000,1.778,1.458,0.000,0.000,6.728,0.000,4.75
1,Malate dehydrogenase,12,1424.60,1,1424.6022,0.73,0.06,119.9,0.000,0.000,0.000,4.358,0.000,0.000,0.000,2.850,0.000,6.355,14.670,1.525,3.385,0.000,1.778,1.458,0.000,0.000,6.728,0.000,7.85
1,Malate dehydrogenase,13,1424.60,1,1424.6022,1.12,0.42,139.1,0.000,0.000,0.000,4.358,0.000,0.000,0.000,2.850,0.000,6.355,14.670,1.525,3.385,0.000,1.778,1.458,0.000,0.000,6.728,0.000,8.00
1,Malate dehydrogenase,14,1424.60,1,1424.6022,0.56,0.17,61.1,0.000,0.000,0.000,4.358,0.000,0.000,0.000,2.850,0.000,6.355,14.670,1.525,3.385,0.000,1.778,1.458,0.000,0.000,6.728,0.000,8.33
1,Malate dehydrogenase,15,1424.60,1,1424.6022,0.51,0.27,77.0,0.000,0.000,0.000,4.358,0.000,0.000,0.000,2.850,0.000,6.355,14.670,1.525,3.385,0.000,1.778,1.458,0.000,0.000,6.728,0.000,8.81
1,Malate dehydrogenase,16,1424.60,1,1424.6022,0.64,0.23,120.1,0.000,0.000,0.000,4.358,0.000,0.000,0.000,2.850,0.000,6.355,14.670,1.525,3.385,0.000,1.778,1.458,0.000,0.000,6.728,0.000,8.87
1,Malate dehydrogenase,17,1424.60,1,1424.6022,0.62,0.17,76.2,0.000,0.000,0.000,4.358,0.000,0.000,0.000,2.850,0.000,6.355,14.670,1.525,3.385,0.000,1.778,1.458,0.000,0.000,6.728,0.000,8.94
1,Malate dehydrogenase,18,1424.60,1,1424.6022,0.57,0.01,141.3,0.000,0.000,0.000,4.358,0.000,0.000,0.000,2.850,0.000,6.355,14.670,1.525,3.385,0.000,1.778,1.458,0.000,0.000,6.728,0.000,12.19
1,Malate dehydrogenase,19,1424.60,1,1424.6022,0.86,0.14,93.6,0.000,0.000,0.000,4.358,0.000,0.000,0.000,2.850,0.000,6.355,14.670,1.525,3.385,0.000,1.778,1.458,0.000,0.000,6.728,0.000,12.41
1,Malate dehydrogenase,20,1424.60,1,1424.6022,0.53,0.21,137.7,0.000,0.000,0.000,4.358,0.000,0.000,0.000,2.850,0.000,6.355,14.670,1.525,3.385,0.000,1.778,1.458,0.000,0.000,6.728,0.000,12.63
1,Malate dehydrogenase,21,1424.60,1,1424.6022,0.58,0.16,77.9,0.000,0.000,0.000,4.358,0.000,0.000,0.000,2.850,0.000,6.355,14.670,1.525,3.385,0.000,1.778,1.458,0.000,0.000,6.728,0.000,13.22
1,Malate dehydrogenase,22,1424.60,1,1424.6022,1.10,0.02,164.4,0.000,0.000,0.000,4.358,0.000,0.000,0.000,2.850,0.000,6.355,14.670,1.525,3.385,0.000,1.778,1.458,0.000,0.000,6.728,0.000,13.26
1,Malate dehydrogenase,23,1424.60,1,1424.6022,0.54,0.20,56.6,0.000,0.000,0.000,4.358,0.000,0.000,0.000,2.850,0.000,6.355,14.670,1.525,3.385,0.000,1.778,1.458,0.000,0.000,6.728,0.000,13.62
1,Malate dehydrogenase,24,1424.60,1,1424.6022,0.59,0.03,71.7,0.000,0.000,0.000,4.358,0.000,0.000,0.000,2.850,0.000,6.355,14.670,1.525,3.385,0.000,1.778,1.458,0.000,0.000,6.728,0.000,15.23
1,Malate dehydrogenase,25,1424.60,1,1424.6022,0.83,0.39,295.9,0.000,0.000,0.000,4.358,0.000,0.000,0.000,2.850,0.000,6.355,14.670,1.525,3.385,0.000,1.778,1.458,0.000,0.000,6.728,0.000,15.58
1,Malate dehydrogenase,26,1424.60,1,1424.6022,0.57,0.35,27.4,0.000,0.000,0.000,4.358,0.000,0.000,0.000,2.850,0.000,6.355,14.670,1.525,3.385,0.000,1.778,1.458,0.000,0.000,6.728,0.000,15.68
1,Malate dehydrogenase,27,1424.60,1,1424.6022,0.59,0.16,80.2,0.000,0.000,0.000,4.358,0.000,0.000,0.000,2.850,0.000,6.355,14.670,1.525,3.385,0.000,1.778,1.458,0.000,0.000,6.728,0.000,16.22
1,Malate dehydrogenase,28,1424.60,1,1424.6022,0.65,0.20,68.6,0.000,0.000,0.000,4.358,0.000,0.000,0.000,2.850,0.000,6.355,14.670,1.525,3.385,0.000,1.778,1.458,0.000,0.000,6.728,0.000,16.49
1,Malate dehydrogenase,29,1424.60,1,1424.6022,0.95,0.28,169.1,0.000,0.000,0.000,4.358,0.000,0.000,0.000,2.850,0.000,6.355,14.670,1.525,3.385,0.000,1.778,1.458,0.000,0.000,6.728,0.000,21.06
1,Malate dehydrogenase,30,1424.60,1,1424.6022,0.65,0.31,129.1,0.000,0.000,0.000,4.358,0.000,0.000,0.000,2.850,0.000,6.355,14.670,1.525,3.385,0.000,1.778,1.458,0.000,0.000,6.728,0.000,21.38
1,Malate dehydrogenase,31,1424.60,1,1424.6022,0.64,0.07,76.8,0.000,0.000,0.000,4.358,0.000,0.000,0.000,2.850,0.000,6.355,14.670,1.525,3.385,0.000,1.778,1.458,0.000,0.000,6.728,0.000,22.09
1,Malate dehydrogenase,32,1424.60,1,1424.6022,0.64,0.31,81.8,0.000,0.000,0.000,4.358,0.000,0.000,0.000,2.850,0.000,6.355,14.670,1.525,3.385,0.000,1.778,1.458,0.000,0.000,6.728,0.000,22.85
1,Malate dehydrogenase,33,1405.58,2,703.2909,0.69,0.05,50.0,6.100,1.598,0.000,1.453,0.000,0.000,0.000,1.425,0.000,6.355,7.335,0.000,0.000,0.000,1.778,1.458,1.568,0.000,6.728,3.065,28.10
1,Malate dehydrogenase,34,1405.58,2,703.2909,0.87,0.40,223.6,6.100,1.598,0.000,1.453,0.000,0.000,0.000,1.425,0.000,6.355,7.335,0.000,0.000,0.000,1.778,1.458,1.568,0.000,6.728,3.065,28.16
1,Malate dehydrogenase,35,2883.18,3,961.7263333,0.87,0.42,115.7,4.575,0.000,0.000,2.905,0.000,6.180,2.920,1.425,0.000,12.710,0.000,1.525,3.385,0.000,3.555,0.000,1.568,15.683,13.455,9.195,40.91
1,Malate dehydrogenase,36,1424.60,1,1424.6022,0.80,0.16,132.8,0.000,0.000,0.000,4.358,0.000,0.000,0.000,2.850,0.000,6.355,14.670,1.525,3.385,0.000,1.778,1.458,0.000,0.000,6.728,0.000,43.02
1,Malate dehydrogenase,37,1424.60,1,1424.6022,0.61,0.01,111.4,0.000,0.000,0.000,4.358,0.000,0.000,0.000,2.850,0.000,6.355,14.670,1.525,3.385,0.000,1.778,1.458,0.000,0.000,6.728,0.000,46.51
1,Malate dehydrogenase,38,1424.60,1,1424.6022,0.74,0.19,91.0,0.000,0.000,0.000,4.358,0.000,0.000,0.000,2.850,0.000,6.355,14.670,1.525,3.385,0.000,1.778,1.458,0.000,0.000,6.728,0.000,47.33
1,Malate dehydrogenase,39,1424.60,1,1424.6022,0.64,0.06,131.6,0.000,0.000,0.000,4.358,0.000,0.000,0.000,2.850,0.000,6.355,14.670,1.525,3.385,0.000,1.778,1.458,0.000,0.000,6.728,0.000,49.30
1,Malate dehydrogenase,40,1424.60,1,1424.6022,0.61,0.24,25.5,0.000,0.000,0.000,4.358,0.000,0.000,0.000,2.850,0.000,6.355,14.670,1.525,3.385,0.000,1.778,1.458,0.000,0.000,6.728,0.000,62.26
1,Malate dehydrogenase,41,1424.60,1,1424.6022,0.69,0.03,109.8,0.000,0.000,0.000,4.358,0.000,0.000,0.000,2.850,0.000,6.355,14.670,1.525,3.385,0.000,1.778,1.458,0.000,0.000,6.728,0.000,63.41
1,Malate dehydrogenase,42,1424.60,1,1424.6022,0.59,0.10,74.3,0.000,0.000,0.000,4.358,0.000,0.000,0.000,2.850,0.000,6.355,14.670,1.525,3.385,0.000,1.778,1.458,0.000,0.000,6.728,0.000,63.63
1,Malate dehydrogenase,43,1424.60,1,1424.6022,0.66,0.38,92.1,0.000,0.000,0.000,4.358,0.000,0.000,0.000,2.850,0.000,6.355,14.670,1.525,3.385,0.000,1.778,1.458,0.000,0.000,6.728,0.000,64.09
1,Malate dehydrogenase,44,1424.60,1,1424.6022,0.73,0.27,128.0,0.000,0.000,0.000,4.358,0.000,0.000,0.000,2.850,0.000,6.355,14.670,1.525,3.385,0.000,1.778,1.458,0.000,0.000,6.728,0.000,70.67
1,Malate dehydrogenase,45,1424.60,1,1424.6022,0.53,0.33,116.7,0.000,0.000,0.000,4.358,0.000,0.000,0.000,2.850,0.000,6.355,14.670,1.525,3.385,0.000,1.778,1.458,0.000,0.000,6.728,0.000,72.77
1,Malate dehydrogenase,46,1424.60,1,1424.6022,0.64,0.47,79.3,0.000,0.000,0.000,4.358,0.000,0.000,0.000,2.850,0.000,6.355,14.670,1.525,3.385,0.000,1.778,1.458,0.000,0.000,6.728,0.000,72.96
1,Malate dehydrogenase,47,1424.60,1,1424.6022,0.50,0.46,60.7,0.000,0.000,0.000,4.358,0.000,0.000,0.000,2.850,0.000,6.355,14.670,1.525,3.385,0.000,1.778,1.458,0.000,0.000,6.728,0.000,73.99
1,Malate dehydrogenase,48,1424.60,1,1424.6022,0.71,0.06,106.1,0.000,0.000,0.000,4.358,0.000,0.000,0.000,2.850,0.000,6.355,14.670,1.525,3.385,0.000,1.778,1.458,0.000,0.000,6.728,0.000,80.56
1,Malate dehydrogenase,49,1424.60,1,1424.6022,0.73,0.01,80.0,0.000,0.000,0.000,4.358,0.000,0.000,0.000,2.850,0.000,6.355,14.670,1.525,3.385,0.000,1.778,1.458,0.000,0.000,6.728,0.000,81.20
1,Malate dehydrogenase,50,1424.60,1,1424.6022,0.68,0.03,58.8,0.000,0.000,0.000,4.358,0.000,0.000,0.000,2.850,0.000,6.355,14.670,1.525,3.385,0.000,1.778,1.458,0.000,0.000,6.728,0.000,81.28
1,Malate dehydrogenase,51,1723.14,1,1723.141,0.71,0.18,73.3,4.575,0.000,1.413,0.000,0.000,0.000,0.000,4.275,0.000,6.355,7.335,1.525,6.770,0.000,5.333,0.000,0.000,0.000,0.000,9.195,81.35
1,Malate dehydrogenase,52,1424.60,1,1424.6022,0.88,0.01,73.4,0.000,0.000,0.000,4.358,0.000,0.000,0.000,2.850,0.000,6.355,14.670,1.525,3.385,0.000,1.778,1.458,0.000,0.000,6.728,0.000,81.37
1,Malate dehydrogenase,53,1723.14,1,1723.141,0.54,0.22,47.4,4.575,0.000,1.413,0.000,0.000,0.000,0.000,4.275,0.000,6.355,7.335,1.525,6.770,0.000,5.333,0.000,0.000,0.000,0.000,9.195,81.66
1,Malate dehydrogenase,54,1723.14,1,1723.141,0.62,0.33,16.0,4.575,0.000,1.413,0.000,0.000,0.000,0.000,4.275,0.000,6.355,7.335,1.525,6.770,0.000,5.333,0.000,0.000,0.000,0.000,9.195,82.00
1,Malate dehydrogenase,55,1723.14,1,1723.141,0.98,0.17,58.4,4.575,0.000,1.413,0.000,0.000,0.000,0.000,4.275,0.000,6.355,7.335,1.525,6.770,0.000,5.333,0.000,0.000,0.000,0.000,9.195,82.35
1,Malate dehydrogenase,56,1723.14,1,1723.141,0.77,0.25,147.5,4.575,0.000,1.413,0.000,0.000,0.000,0.000,4.275,0.000,6.355,7.335,1.525,6.770,0.000,5.333,0.000,0.000,0.000,0.000,9.195,82.43
1,Malate dehydrogenase,57,1424.60,1,1424.6022,1.33,0.32,197.4,0.000,0.000,0.000,4.358,0.000,0.000,0.000,2.850,0.000,6.355,14.670,1.525,3.385,0.000,1.778,1.458,0.000,0.000,6.728,0.000,84.40
1,Malate dehydrogenase,58,1723.14,1,1723.141,1.27,0.44,156.7,4.575,0.000,1.413,0.000,0.000,0.000,0.000,4.275,0.000,6.355,7.335,1.525,6.770,0.000,5.333,0.000,0.000,0.000,0.000,9.195,85.09
1,Malate dehydrogenase,59,1723.14,1,1723.141,1.20,0.41,67.0,4.575,0.000,1.413,0.000,0.000,0.000,0.000,4.275,0.000,6.355,7.335,1.525,6.770,0.000,5.333,0.000,0.000,0.000,0.000,9.195,85.12
1,Malate dehydrogenase,60,1723.14,1,1723.141,1.43,0.28,120.6,4.575,0.000,1.413,0.000,0.000,0.000,0.000,4.275,0.000,6.355,7.335,1.525,6.770,0.000,5.333,0.000,0.000,0.000,0.000,9.195,85.17
1,Malate dehydrogenase,61,1723.14,1,1723.141,1.02,0.12,95.5,4.575,0.000,1.413,0.000,0.000,0.000,0.000,4.275,0.000,6.355,7.335,1.525,6.770,0.000,5.333,0.000,0.000,0.000,0.000,9.195,85.47
1,Malate dehydrogenase,62,1424.60,1,1424.6022,1.37,0.33,205.4,0.000,0.000,0.000,4.358,0.000,0.000,0.000,2.850,0.000,6.355,14.670,1.525,3.385,0.000,1.778,1.458,0.000,0.000,6.728,0.000,87.47
1,Malate dehydrogenase,63,1723.14,1,1723.141,0.57,0.34,187.5,4.575,0.000,1.413,0.000,0.000,0.000,0.000,4.275,0.000,6.355,7.335,1.525,6.770,0.000,5.333,0.000,0.000,0.000,0.000,9.195,88.35
1,Malate dehydrogenase,64,1723.14,1,1723.141,0.84,0.40,90.8,4.575,0.000,1.413,0.000,0.000,0.000,0.000,4.275,0.000,6.355,7.335,1.525,6.770,0.000,5.333,0.000,0.000,0.000,0.000,9.195,88.54
1,Malate dehydrogenase,65,1723.14,1,1723.141,0.88,0.15,104.7,4.575,0.000,1.413,0.000,0.000,0.000,0.000,4.275,0.000,6.355,7.335,1.525,6.770,0.000,5.333,0.000,0.000,0.000,0.000,9.195,90.74
1,Malate dehydrogenase,66,1424.60,1,1424.6022,1.01,0.03,173.7,0.000,0.000,0.000,4.358,0.000,0.000,0.000,2.850,0.000,6.355,14.670,1.525,3.385,0.000,1.778,1.458,0.000,0.000,6.728,0.000,91.57
1,Malate dehydrogenase,67,1723.14,1,1723.141,0.73,0.36,84.4,4.575,0.000,1.413,0.000,0.000,0.000,0.000,4.275,0.000,6.355,7.335,1.525,6.770,0.000,5.333,0.000,0.000,0.000,0.000,9.195,91.61
1,Malate dehydrogenase,68,1723.14,1,1723.141,1.07,0.02,130.5,4.575,0.000,1.413,0.000,0.000,0.000,0.000,4.275,0.000,6.355,7.335,1.525,6.770,0.000,5.333,0.000,0.000,0.000,0.000,9.195,91.67
1,Malate dehydrogenase,69,1424.60,1,1424.6022,0.90,0.04,156.6,0.000,0.000,0.000,4.358,0.000,0.000,0.000,2.850,0.000,6.355,14.670,1.525,3.385,0.000,1.778,1.458,0.000,0.000,6.728,0.000,92.66
1,Malate dehydrogenase,70,1424.60,1,1424.6022,0.97,0.14,164.5,0.000,0.000,0.000,4.358,0.000,0.000,0.000,2.850,0.000,6.355,14.670,1.525,3.385,0.000,1.778,1.458,0.000,0.000,6.728,0.000,92.93
1,Malate dehydrogenase,71,1424.60,1,1424.6022,0.79,0.40,205.5,0.000,0.000,0.000,4.358,0.000,0.000,0.000,2.850,0.000,6.355,14.670,1.525,3.385,0.000,1.778,1.458,0.000,0.000,6.728,0.000,93.19
1,Malate dehydrogenase,72,1424.60,1,1424.6022,1.09,0.28,161.6,0.000,0.000,0.000,4.358,0.000,0.000,0.000,2.850,0.000,6.355,14.670,1.525,3.385,0.000,1.778,1.458,0.000,0.000,6.728,0.000,93.63
1,Malate dehydrogenase,73,1424.60,1,1424.6022,0.73,0.42,222.3,0.000,0.000,0.000,4.358,0.000,0.000,0.000,2.850,0.000,6.355,14.670,1.525,3.385,0.000,1.778,1.458,0.000,0.000,6.728,0.000,93.71
1,Malate dehydrogenase,74,1424.60,1,1424.6022,1.04,0.06,267.9,0.000,0.000,0.000,4.358,0.000,0.000,0.000,2.850,0.000,6.355,14.670,1.525,3.385,0.000,1.778,1.458,0.000,0.000,6.728,0.000,94.34
1,Malate dehydrogenase,75,1723.14,1,1723.141,0.74,0.24,178.8,4.575,0.000,1.413,0.000,0.000,0.000,0.000,4.275,0.000,6.355,7.335,1.525,6.770,0.000,5.333,0.000,0.000,0.000,0.000,9.195,94.40
1,Malate dehydrogenase,76,1723.14,1,1723.141,0.57,0.41,77.3,4.575,0.000,1.413,0.000,0.000,0.000,0.000,4.275,0.000,6.355,7.335,1.525,6.770,0.000,5.333,0.000,0.000,0.000,0.000,9.195,94.71
1,Malate dehydrogenase,77,1723.14,1,1723.141,0.84,0.15,48.1,4.575,0.000,1.413,0.000,0.000,0.000,0.000,4.275,0.000,6.355,7.335,1.525,6.770,0.000,5.333,0.000,0.000,0.000,0.000,9.195,95.08
1,Malate dehydrogenase,78,1723.14,1,1723.141,0.53,0.32,90.9,4.575,0.000,1.413,0.000,0.000,0.000,0.000,4.275,0.000,6.355,7.335,1.525,6.770,0.000,5.333,0.000,0.000,0.000,0.000,9.195,97.35
1,Malate dehydrogenase,79,1723.14,1,1723.141,0.89,0.19,79.3,4.575,0.000,1.413,0.000,0.000,0.000,0.000,4.275,0.000,6.355,7.335,1.525,6.770,0.000,5.333,0.000,0.000,0.000,0.000,9.195,97.80
1,Malate dehydrogenase,80,1424.60,1,1424.6022,0.59,0.26,37.0,0.000,0.000,0.000,4.358,0.000,0.000,0.000,2.850,0.000,6.355,14.670,1.525,3.385,0.000,1.778,1.458,0.000,0.000,6.728,0.000,99.74
1,Malate dehydrogenase,81,1424.60,1,1424.6022,0.57,0.19,135.6,0.000,0.000,0.000,4.358,0.000,0.000,0.000,2.850,0.000,6.355,14.670,1.525,3.385,0.000,1.778,1.458,0.000,0.000,6.728,0.000,99.89
1,Malate dehydrogenase,82,1424.60,1,1424.6022,0.85,0.14,97.3,0.000,0.000,0.000,4.358,0.000,0.000,0.000,2.850,0.000,6.355,14.670,1.525,3.385,0.000,1.778,1.458,0.000,0.000,6.728,0.000,99.97
1,Malate dehydrogenase,83,1424.60,1,1424.6022,1.32,0.46,164.6,0.000,0.000,0.000,4.358,0.000,0.000,0.000,2.850,0.000,6.355,14.670,1.525,3.385,0.000,1.778,1.458,0.000,0.000,6.728,0.000,100.01
1,Malate dehydrogenase,84,1424.60,1,1424.6022,0.61,0.26,62.1,0.000,0.000,0.000,4.358,0.000,0.000,0.000,2.850,0.000,6.355,14.670,1.525,3.385,0.000,1.778,1.458,0.000,0.000,6.728,0.000,100.09
1,Malate dehydrogenase,85,1424.60,1,1424.6022,0.69,0.06,54.3,0.000,0.000,0.000,4.358,0.000,0.000,0.000,2.850,0.000,6.355,14.670,1.525,3.385,0.000,1.778,1.458,0.000,0.000,6.728,0.000,102.33
1,Malate dehydrogenase,86,1723.14,1,1723.141,0.59,0.04,25.8,4.575,0.000,1.413,0.000,0.000,0.000,0.000,4.275,0.000,6.355,7.335,1.525,6.770,0.000,5.333,0.000,0.000,0.000,0.000,9.195,102.70
1,Malate dehydrogenase,87,1723.14,1,1723.141,0.79,0.35,29.5,4.575,0.000,1.413,0.000,0.000,0.000,0.000,4.275,0.000,6.355,7.335,1.525,6.770,0.000,5.333,0.000,0.000,0.000,0.000,9.195,102.76
1,Malate dehydrogenase,88,1424.60,1,1424.6022,0.76,0.08,147.5,0.000,0.000,0.000,4.358,0.000,0.000,0.000,2.850,0.000,6.355,14.670,1.525,3.385,0.000,1.778,1.458,0.000,0.000,6.728,0.000,103.36
1,Malate dehydrogenase,89,1424.60,1,1424.6022,0.85,0.20,118.1,0.000,0.000,0.000,4.358,0.000,0.000,0.000,2.850,0.000,6.355,14.670,1.525,3.385,0.000,1.778,1.458,0.000,0.000,6.728,0.000,105.26
1,Malate dehydrogenase,90,1723.14,1,1723.141,0.57,0.45,19.3,4.575,0.000,1.413,0.000,0.000,0.000,0.000,4.275,0.000,6.355,7.335,1.525,6.770,0.000,5.333,0.000,0.000,0.000,0.000,9.195,105.68
1,Malate dehydrogenase,91,1424.60,1,1424.6022,0.61,0.30,80.7,0.000,0.000,0.000,4.358,0.000,0.000,0.000,2.850,0.000,6.355,14.670,1.525,3.385,0.000,1.778,1.458,0.000,0.000,6.728,0.000,106.37
1,Malate dehydrogenase,92,1424.60,1,1424.6022,0.73,0.12,99.2,0.000,0.000,0.000,4.358,0.000,0.000,0.000,2.850,0.000,6.355,14.670,1.525,3.385,0.000,1.778,1.458,0.000,0.000,6.728,0.000,106.40
1,Malate dehydrogenase,93,1424.60,1,1424.6022,0.55,0.33,81.5,0.000,0.000,0.000,4.358,0.000,0.000,0.000,2.850,0.000,6.355,14.670,1.525,3.385,0.000,1.778,1.458,0.000,0.000,6.728,0.000,106.54
1,Malate dehydrogenase,94,1424.60,1,1424.6022,0.63,0.19,67.1,0.000,0.000,0.000,4.358,0.000,0.000,0.000,2.850,0.000,6.355,14.670,1.525,3.385,0.000,1.778,1.458,0.000,0.000,6.728,0.000,106.68
1,Malate dehydrogenase,95,1424.60,1,1424.6022,0.70,0.20,52.5,0.000,0.000,0.000,4.358,0.000,0.000,0.000,2.850,0.000,6.355,14.670,1.525,3.385,0.000,1.778,1.458,0.000,0.000,6.728,0.000,106.91
1,Malate dehydrogenase,96,1424.60,1,1424.6022,0.65,0.05,80.2,0.000,0.000,0.000,4.358,0.000,0.000,0.000,2.850,0.000,6.355,14.670,1.525,3.385,0.000,1.778,1.458,0.000,0.000,6.728,0.000,110.03
1,Malate dehydrogenase,97,1424.60,1,1424.6022,0.77,0.22,108.6,0.000,0.000,0.000,4.358,0.000,0.000,0.000,2.850,0.000,6.355,14.670,1.525,3.385,0.000,1.778,1.458,0.000,0.000,6.728,0.000,110.63
1,Malate dehydrogenase,98,1424.60,1,1424.6022,0.65,0.37,100.3,0.000,0.000,0.000,4.358,0.000,0.000,0.000,2.850,0.000,6.355,14.670,1.525,3.385,0.000,1.778,1.458,0.000,0.000,6.728,0.000,110.82
1,Malate dehydrogenase,99,1424.60,1,1424.6022,0.58,0.27,115.0,0.000,0.000,0.000,4.358,0.000,0.000,0.000,2.850,0.000,6.355,14.670,1.525,3.385,0.000,1.778,1.458,0.000,0.000,6.728,0.000,113.11
1,Malate dehydrogenase,100,1424.60,1,1424.6022,0.69,0.28,72.4,0.000,0.000,0.000,4.358,0.000,0.000,0.000,2.850,0.000,6.355,14.670,1.525,3.385,0.000,1.778,1.458,0.000,0.000,6.728,0.000,113.63
1,Malate dehydrogenase,101,1424.60,1,1424.6022,0.61,0.28,93.7,0.000,0.000,0.000,4.358,0.000,0.000,0.000,2.850,0.000,6.355,14.670,1.525,3.385,0.000,1.778,1.458,0.000,0.000,6.728,0.000,113.83
1,Malate dehydrogenase,102,1424.60,1,1424.6022,0.63,0.22,62.6,0.000,0.000,0.000,4.358,0.000,0.000,0.000,2.850,0.000,6.355,14.670,1.525,3.385,0.000,1.778,1.458,0.000,0.000,6.728,0.000,114.01
2,Hypothetical protein BSU25140,103,1420.59,1,1420.5932,0.72,0.13,46.5,3.050,0.000,1.413,0.000,0.000,3.090,2.920,0.000,0.000,6.355,14.670,1.525,0.000,0.000,0.000,0.000,0.000,0.000,6.728,0.000,0.79
2,Hypothetical protein BSU25140,104,1420.59,1,1420.5932,0.58,0.03,61.4,3.050,0.000,1.413,0.000,0.000,3.090,2.920,0.000,0.000,6.355,14.670,1.525,0.000,0.000,0.000,0.000,0.000,0.000,6.728,0.000,0.90
2,Hypothetical protein BSU25140,105,1420.59,1,1420.5932,0.70,0.05,52.4,3.050,0.000,1.413,0.000,0.000,3.090,2.920,0.000,0.000,6.355,14.670,1.525,0.000,0.000,0.000,0.000,0.000,0.000,6.728,0.000,1.06
2,Hypothetical protein BSU25140,106,1420.59,1,1420.5932,0.64,0.19,28.7,3.050,0.000,1.413,0.000,0.000,3.090,2.920,0.000,0.000,6.355,14.670,1.525,0.000,0.000,0.000,0.000,0.000,0.000,6.728,0.000,1.12
2,Hypothetical protein BSU25140,107,1420.59,1,1420.5932,0.66,0.31,53.9,3.050,0.000,1.413,0.000,0.000,3.090,2.920,0.000,0.000,6.355,14.670,1.525,0.000,0.000,0.000,0.000,0.000,0.000,6.728,0.000,2.74
2,Hypothetical protein BSU25140,108,1420.59,1,1420.5932,0.59,0.25,77.6,3.050,0.000,1.413,0.000,0.000,3.090,2.920,0.000,0.000,6.355,14.670,1.525,0.000,0.000,0.000,0.000,0.000,0.000,6.728,0.000,3.51
2,Hypothetical protein BSU25140,109,1420.59,1,1420.5932,0.57,0.14,69.1,3.050,0.000,1.413,0.000,0.000,3.090,2.920,0.000,0.000,6.355,14.670,1.525,0.000,0.000,0.000,0.000,0.000,0.000,6.728,0.000,3.56
2,Hypothetical protein BSU25140,110,1420.59,1,1420.5932,0.71,0.10,86.6,3.050,0.000,1.413,0.000,0.000,3.090,2.920,0.000,0.000,6.355,14.670,1.525,0.000,0.000,0.000,0.000,0.000,0.000,6.728,0.000,4.75
2,Hypothetical protein BSU25140,111,1420.59,1,1420.5932,0.68,0.21,61.5,3.050,0.000,1.413,0.000,0.000,3.090,2.920,0.000,0.000,6.355,14.670,1.525,0.000,0.000,0.000,0.000,0.000,0.000,6.728,0.000,7.85
2,Hypothetical protein BSU25140,112,1420.59,1,1420.5932,0.67,0.16,53.0,3.050,0.000,1.413,0.000,0.000,3.090,2.920,0.000,0.000,6.355,14.670,1.525,0.000,0.000,0.000,0.000,0.000,0.000,6.728,0.000,8.81
2,Hypothetical protein BSU25140,113,1420.59,1,1420.5932,0.55,0.40,69.0,3.050,0.000,1.413,0.000,0.000,3.090,2.920,0.000,0.000,6.355,14.670,1.525,0.000,0.000,0.000,0.000,0.000,0.000,6.728,0.000,8.87
2,Hypothetical protein BSU25140,114,1420.59,1,1420.5932,0.65,0.12,44.7,3.050,0.000,1.413,0.000,0.000,3.090,2.920,0.000,0.000,6.355,14.670,1.525,0.000,0.000,0.000,0.000,0.000,0.000,6.728,0.000,8.94
2,Hypothetical protein BSU25140,115,1420.59,1,1420.5932,0.57,0.03,51.2,3.050,0.000,1.413,0.000,0.000,3.090,2.920,0.000,0.000,6.355,14.670,1.525,0.000,0.000,0.000,0.000,0.000,0.000,6.728,0.000,12.19
2,Hypothetical protein BSU25140,116,1420.59,1,1420.5932,0.68,0.38,89.5,3.050,0.000,1.413,0.000,0.000,3.090,2.920,0.000,0.000,6.355,14.670,1.525,0.000,0.000,0.000,0.000,0.000,0.000,6.728,0.000,12.41
2,Hypothetical protein BSU25140,117,1420.59,1,1420.5932,0.68,0.00,62.1,3.050,0.000,1.413,0.000,0.000,3.090,2.920,0.000,0.000,6.355,14.670,1.525,0.000,0.000,0.000,0.000,0.000,0.000,6.728,0.000,13.22
2,Hypothetical protein BSU25140,118,1420.59,1,1420.5932,0.54,0.17,52.3,3.050,0.000,1.413,0.000,0.000,3.090,2.920,0.000,0.000,6.355,14.670,1.525,0.000,0.000,0.000,0.000,0.000,0.000,6.728,0.000,13.62
2,Hypothetical protein BSU25140,119,1420.59,1,1420.5932,0.67,0.13,59.6,3.050,0.000,1.413,0.000,0.000,3.090,2.920,0.000,0.000,6.355,14.670,1.525,0.000,0.000,0.000,0.000,0.000,0.000,6.728,0.000,14.78
2,Hypothetical protein BSU25140,120,1420.59,1,1420.5932,0.57,0.05,77.8,3.050,0.000,1.413,0.000,0.000,3.090,2.920,0.000,0.000,6.355,14.670,1.525,0.000,0.000,0.000,0.000,0.000,0.000,6.728,0.000,15.23
2,Hypothetical protein BSU25140,121,1420.59,1,1420.5932,0.63,0.27,32.2,3.050,0.000,1.413,0.000,0.000,3.090,2.920,0.000,0.000,6.355,14.670,1.525,0.000,0.000,0.000,0.000,0.000,0.000,6.728,0.000,15.68
2,Hypothetical protein BSU25140,122,1420.59,1,1420.5932,0.69,0.10,64.7,3.050,0.000,1.413,0.000,0.000,3.090,2.920,0.000,0.000,6.355,14.670,1.525,0.000,0.000,0.000,0.000,0.000,0.000,6.728,0.000,16.22
2,Hypothetical protein BSU25140,123,1420.59,1,1420.5932,0.67,0.04,58.9,3.050,0.000,1.413,0.000,0.000,3.090,2.920,0.000,0.000,6.355,14.670,1.525,0.000,0.000,0.000,0.000,0.000,0.000,6.728,0.000,16.49
2,Hypothetical protein BSU25140,124,1420.59,1,1420.5932,0.59,0.04,49.3,3.050,0.000,1.413,0.000,0.000,3.090,2.920,0.000,0.000,6.355,14.670,1.525,0.000,0.000,0.000,0.000,0.000,0.000,6.728,0.000,20.59
2,Hypothetical protein BSU25140,125,1420.59,1,1420.5932,0.66,0.26,60.4,3.050,0.000,1.413,0.000,0.000,3.090,2.920,0.000,0.000,6.355,14.670,1.525,0.000,0.000,0.000,0.000,0.000,0.000,6.728,0.000,20.81
2,Hypothetical protein BSU25140,126,1420.59,1,1420.5932,0.59,0.34,80.5,3.050,0.000,1.413,0.000,0.000,3.090,2.920,0.000,0.000,6.355,14.670,1.525,0.000,0.000,0.000,0.000,0.000,0.000,6.728,0.000,21.38
2,Hypothetical protein BSU25140,127,1420.59,1,1420.5932,0.60,0.14,83.5,3.050,0.000,1.413,0.000,0.000,3.090,2.920,0.000,0.000,6.355,14.670,1.525,0.000,0.000,0.000,0.000,0.000,0.000,6.728,0.000,22.09
2,Hypothetical protein BSU25140,128,1420.59,1,1420.5932,0.77,0.17,62.5,3.050,0.000,1.413,0.000,0.000,3.090,2.920,0.000,0.000,6.355,14.670,1.525,0.000,0.000,0.000,0.000,0.000,0.000,6.728,0.000,22.85
2,Hypothetical protein BSU25140,129,2068.32,2,1034.6581,0.68,0.61,31.3,4.575,1.598,1.413,2.905,0.000,1.545,1.460,0.000,0.000,19.065,14.670,0.000,0.000,10.930,0.000,0.000,3.135,0.000,6.728,0.000,32.23
2,Hypothetical protein BSU25140,130,1420.59,1,1420.5932,0.53,0.22,58.6,3.050,0.000,1.413,0.000,0.000,3.090,2.920,0.000,0.000,6.355,14.670,1.525,0.000,0.000,0.000,0.000,0.000,0.000,6.728,0.000,35.47
2,Hypothetical protein BSU25140,131,1218.30,1,1218.2998,0.59,0.26,65.1,0.000,1.598,0.000,0.000,0.000,3.090,2.920,2.850,0.000,12.710,0.000,0.000,0.000,0.000,0.000,1.458,1.568,0.000,0.000,0.000,37.46
2,Hypothetical protein BSU25140,132,2228.42,2,1114.71175,0.85,0.42,21.2,4.575,1.598,0.000,2.905,0.000,3.090,1.460,2.850,0.000,6.355,14.670,0.000,3.385,0.000,0.000,2.915,3.135,0.000,6.728,3.065,41.14
2,Hypothetical protein BSU25140,133,2228.42,2,1114.71175,1.19,0.21,26.1,4.575,1.598,0.000,2.905,0.000,3.090,1.460,2.850,0.000,6.355,14.670,0.000,3.385,0.000,0.000,2.915,3.135,0.000,6.728,3.065,41.19
2,Hypothetical protein BSU25140,134,2228.42,2,1114.71175,0.82,0.32,27.7,4.575,1.598,0.000,2.905,0.000,3.090,1.460,2.850,0.000,6.355,14.670,0.000,3.385,0.000,0.000,2.915,3.135,0.000,6.728,3.065,41.25
2,Hypothetical protein BSU25140,135,1420.59,1,1420.5932,0.60,0.28,72.2,3.050,0.000,1.413,0.000,0.000,3.090,2.920,0.000,0.000,6.355,14.670,1.525,0.000,0.000,0.000,0.000,0.000,0.000,6.728,0.000,43.02
2,Hypothetical protein BSU25140,136,1420.59,1,1420.5932,0.52,0.16,47.1,3.050,0.000,1.413,0.000,0.000,3.090,2.920,0.000,0.000,6.355,14.670,1.525,0.000,0.000,0.000,0.000,0.000,0.000,6.728,0.000,46.51
2,Hypothetical protein BSU25140,137,1420.59,1,1420.5932,0.60,0.25,36.4,3.050,0.000,1.413,0.000,0.000,3.090,2.920,0.000,0.000,6.355,14.670,1.525,0.000,0.000,0.000,0.000,0.000,0.000,6.728,0.000,47.33
2,Hypothetical protein BSU25140,138,1420.59,1,1420.5932,0.64,0.01,81.0,3.050,0.000,1.413,0.000,0.000,3.090,2.920,0.000,0.000,6.355,14.670,1.525,0.000,0.000,0.000,0.000,0.000,0.000,6.728,0.000,49.30
2,Hypothetical protein BSU25140,139,1420.59,1,1420.5932,0.59,0.14,30.7,3.050,0.000,1.413,0.000,0.000,3.090,2.920,0.000,0.000,6.355,14.670,1.525,0.000,0.000,0.000,0.000,0.000,0.000,6.728,0.000,61.04
2,Hypothetical protein BSU25140,140,1420.59,1,1420.5932,0.87,0.31,145.9,3.050,0.000,1.413,0.000,0.000,3.090,2.920,0.000,0.000,6.355,14.670,1.525,0.000,0.000,0.000,0.000,0.000,0.000,6.728,0.000,61.87
2,Hypothetical protein BSU25140,141,1420.59,1,1420.5932,0.55,0.10,37.9,3.050,0.000,1.413,0.000,0.000,3.090,2.920,0.000,0.000,6.355,14.670,1.525,0.000,0.000,0.000,0.000,0.000,0.000,6.728,0.000,61.90
2,Hypothetical protein BSU25140,142,1420.59,1,1420.5932,0.63,0.15,31.2,3.050,0.000,1.413,0.000,0.000,3.090,2.920,0.000,0.000,6.355,14.670,1.525,0.000,0.000,0.000,0.000,0.000,0.000,6.728,0.000,63.41
2,Hypothetical protein BSU25140,143,1420.59,1,1420.5932,0.61,0.03,62.1,3.050,0.000,1.413,0.000,0.000,3.090,2.920,0.000,0.000,6.355,14.670,1.525,0.000,0.000,0.000,0.000,0.000,0.000,6.728,0.000,63.63
2,Hypothetical protein BSU25140,144,1420.59,1,1420.5932,0.78,0.03,44.1,3.050,0.000,1.413,0.000,0.000,3.090,2.920,0.000,0.000,6.355,14.670,1.525,0.000,0.000,0.000,0.000,0.000,0.000,6.728,0.000,67.06
2,Hypothetical protein BSU25140,145,1420.59,1,1420.5932,0.66,0.40,110.8,3.050,0.000,1.413,0.000,0.000,3.090,2.920,0.000,0.000,6.355,14.670,1.525,0.000,0.000,0.000,0.000,0.000,0.000,6.728,0.000,70.67
2,Hypothetical protein BSU25140,146,1420.59,1,1420.5932,0.62,0.26,55.3,3.050,0.000,1.413,0.000,0.000,3.090,2.920,0.000,0.000,6.355,14.670,1.525,0.000,0.000,0.000,0.000,0.000,0.000,6.728,0.000,72.77
2,Hypothetical protein BSU25140,147,1420.59,1,1420.5932,0.77,0.23,61.9,3.050,0.000,1.413,0.000,0.000,3.090,2.920,0.000,0.000,6.355,14.670,1.525,0.000,0.000,0.000,0.000,0.000,0.000,6.728,0.000,72.86
2,Hypothetical protein BSU25140,148,1420.59,1,1420.5932,0.66,0.32,24.4,3.050,0.000,1.413,0.000,0.000,3.090,2.920,0.000,0.000,6.355,14.670,1.525,0.000,0.000,0.000,0.000,0.000,0.000,6.728,0.000,72.96
2,Hypothetical protein BSU25140,149,1420.59,1,1420.5932,0.52,0.26,49.7,3.050,0.000,1.413,0.000,0.000,3.090,2.920,0.000,0.000,6.355,14.670,1.525,0.000,0.000,0.000,0.000,0.000,0.000,6.728,0.000,75.78
2,Hypothetical protein BSU25140,150,1420.59,1,1420.5932,0.65,0.20,92.9,3.050,0.000,1.413,0.000,0.000,3.090,2.920,0.000,0.000,6.355,14.670,1.525,0.000,0.000,0.000,0.000,0.000,0.000,6.728,0.000,77.31
2,Hypothetical protein BSU25140,151,1420.59,1,1420.5932,0.72,0.19,67.3,3.050,0.000,1.413,0.000,0.000,3.090,2.920,0.000,0.000,6.355,14.670,1.525,0.000,0.000,0.000,0.000,0.000,0.000,6.728,0.000,78.60
2,Hypothetical protein BSU25140,152,1420.59,1,1420.5932,0.58,0.29,68.8,3.050,0.000,1.413,0.000,0.000,3.090,2.920,0.000,0.000,6.355,14.670,1.525,0.000,0.000,0.000,0.000,0.000,0.000,6.728,0.000,79.94
2,Hypothetical protein BSU25140,153,1420.59,1,1420.5932,0.71,0.12,54.9,3.050,0.000,1.413,0.000,0.000,3.090,2.920,0.000,0.000,6.355,14.670,1.525,0.000,0.000,0.000,0.000,0.000,0.000,6.728,0.000,80.56
2,Hypothetical protein BSU25140,154,1420.59,1,1420.5932,0.62,0.34,44.0,3.050,0.000,1.413,0.000,0.000,3.090,2.920,0.000,0.000,6.355,14.670,1.525,0.000,0.000,0.000,0.000,0.000,0.000,6.728,0.000,81.16
2,Hypothetical protein BSU25140,155,1420.59,1,1420.5932,0.72,0.08,72.9,3.050,0.000,1.413,0.000,0.000,3.090,2.920,0.000,0.000,6.355,14.670,1.525,0.000,0.000,0.000,0.000,0.000,0.000,6.728,0.000,81.20
2,Hypothetical protein BSU25140,156,1420.59,1,1420.5932,0.64,0.27,37.6,3.050,0.000,1.413,0.000,0.000,3.090,2.920,0.000,0.000,6.355,14.670,1.525,0.000,0.000,0.000,0.000,0.000,0.000,6.728,0.000,81.23
2,Hypothetical protein BSU25140,157,1420.59,1,1420.5932,0.85,0.27,54.4,3.050,0.000,1.413,0.000,0.000,3.090,2.920,0.000,0.000,6.355,14.670,1.525,0.000,0.000,0.000,0.000,0.000,0.000,6.728,0.000,81.37
2,Hypothetical protein BSU25140,158,1420.59,1,1420.5932,0.91,0.38,87.4,3.050,0.000,1.413,0.000,0.000,3.090,2.920,0.000,0.000,6.355,14.670,1.525,0.000,0.000,0.000,0.000,0.000,0.000,6.728,0.000,84.40
2,Hypothetical protein BSU25140,159,1420.59,1,1420.5932,0.57,0.44,92.7,3.050,0.000,1.413,0.000,0.000,3.090,2.920,0.000,0.000,6.355,14.670,1.525,0.000,0.000,0.000,0.000,0.000,0.000,6.728,0.000,89.60
2,Hypothetical protein BSU25140,160,1420.59,1,1420.5932,0.57,0.47,108.9,3.050,0.000,1.413,0.000,0.000,3.090,2.920,0.000,0.000,6.355,14.670,1.525,0.000,0.000,0.000,0.000,0.000,0.000,6.728,0.000,92.93
2,Hypothetical protein BSU25140,161,1420.59,1,1420.5932,0.63,0.36,85.7,3.050,0.000,1.413,0.000,0.000,3.090,2.920,0.000,0.000,6.355,14.670,1.525,0.000,0.000,0.000,0.000,0.000,0.000,6.728,0.000,93.82
2,Hypothetical protein BSU25140,162,1420.59,1,1420.5932,0.66,0.38,111.5,3.050,0.000,1.413,0.000,0.000,3.090,2.920,0.000,0.000,6.355,14.670,1.525,0.000,0.000,0.000,0.000,0.000,0.000,6.728,0.000,94.34
2,Hypothetical protein BSU25140,163,1420.59,1,1420.5932,0.53,0.37,55.3,3.050,0.000,1.413,0.000,0.000,3.090,2.920,0.000,0.000,6.355,14.670,1.525,0.000,0.000,0.000,0.000,0.000,0.000,6.728,0.000,99.74
2,Hypothetical protein BSU25140,164,1420.59,1,1420.5932,0.69,0.08,123.7,3.050,0.000,1.413,0.000,0.000,3.090,2.920,0.000,0.000,6.355,14.670,1.525,0.000,0.000,0.000,0.000,0.000,0.000,6.728,0.000,99.89
2,Hypothetical protein BSU25140,165,1420.59,1,1420.5932,0.67,0.52,63.5,3.050,0.000,1.413,0.000,0.000,3.090,2.920,0.000,0.000,6.355,14.670,1.525,0.000,0.000,0.000,0.000,0.000,0.000,6.728,0.000,100.01
2,Hypothetical protein BSU25140,166,1420.59,1,1420.5932,0.79,0.22,60.6,3.050,0.000,1.413,0.000,0.000,3.090,2.920,0.000,0.000,6.355,14.670,1.525,0.000,0.000,0.000,0.000,0.000,0.000,6.728,0.000,100.09
2,Hypothetical protein BSU25140,167,1420.59,1,1420.5932,0.56,0.07,52.3,3.050,0.000,1.413,0.000,0.000,3.090,2.920,0.000,0.000,6.355,14.670,1.525,0.000,0.000,0.000,0.000,0.000,0.000,6.728,0.000,100.12
2,Hypothetical protein BSU25140,168,1420.59,1,1420.5932,0.53,0.26,41.8,3.050,0.000,1.413,0.000,0.000,3.090,2.920,0.000,0.000,6.355,14.670,1.525,0.000,0.000,0.000,0.000,0.000,0.000,6.728,0.000,102.33
2,Hypothetical protein BSU25140,169,1420.59,1,1420.5932,0.81,0.09,68.9,3.050,0.000,1.413,0.000,0.000,3.090,2.920,0.000,0.000,6.355,14.670,1.525,0.000,0.000,0.000,0.000,0.000,0.000,6.728,0.000,103.15
2,Hypothetical protein BSU25140,170,1420.59,1,1420.5932,0.70,0.18,55.9,3.050,0.000,1.413,0.000,0.000,3.090,2.920,0.000,0.000,6.355,14.670,1.525,0.000,0.000,0.000,0.000,0.000,0.000,6.728,0.000,103.36
2,Hypothetical protein BSU25140,171,1420.59,1,1420.5932,0.76,0.07,84.0,3.050,0.000,1.413,0.000,0.000,3.090,2.920,0.000,0.000,6.355,14.670,1.525,0.000,0.000,0.000,0.000,0.000,0.000,6.728,0.000,106.37
2,Hypothetical protein BSU25140,172,1420.59,1,1420.5932,0.65,0.22,31.8,3.050,0.000,1.413,0.000,0.000,3.090,2.920,0.000,0.000,6.355,14.670,1.525,0.000,0.000,0.000,0.000,0.000,0.000,6.728,0.000,106.40
2,Hypothetical protein BSU25140,173,1420.59,1,1420.5932,0.67,0.21,81.9,3.050,0.000,1.413,0.000,0.000,3.090,2.920,0.000,0.000,6.355,14.670,1.525,0.000,0.000,0.000,0.000,0.000,0.000,6.728,0.000,106.54
2,Hypothetical protein BSU25140,174,1420.59,1,1420.5932,0.60,0.11,76.6,3.050,0.000,1.413,0.000,0.000,3.090,2.920,0.000,0.000,6.355,14.670,1.525,0.000,0.000,0.000,0.000,0.000,0.000,6.728,0.000,106.61
2,Hypothetical protein BSU25140,175,1420.59,1,1420.5932,0.66,0.09,91.6,3.050,0.000,1.413,0.000,0.000,3.090,2.920,0.000,0.000,6.355,14.670,1.525,0.000,0.000,0.000,0.000,0.000,0.000,6.728,0.000,106.64
2,Hypothetical protein BSU25140,176,1420.59,1,1420.5932,0.68,0.12,67.0,3.050,0.000,1.413,0.000,0.000,3.090,2.920,0.000,0.000,6.355,14.670,1.525,0.000,0.000,0.000,0.000,0.000,0.000,6.728,0.000,106.68
2,Hypothetical protein BSU25140,177,1420.59,1,1420.5932,0.69,0.26,115.9,3.050,0.000,1.413,0.000,0.000,3.090,2.920,0.000,0.000,6.355,14.670,1.525,0.000,0.000,0.000,0.000,0.000,0.000,6.728,0.000,109.95
2,Hypothetical protein BSU25140,178,1420.59,1,1420.5932,0.68,0.28,73.4,3.050,0.000,1.413,0.000,0.000,3.090,2.920,0.000,0.000,6.355,14.670,1.525,0.000,0.000,0.000,0.000,0.000,0.000,6.728,0.000,110.63
2,Hypothetical protein BSU25140,179,1420.59,1,1420.5932,0.86,0.16,98.9,3.050,0.000,1.413,0.000,0.000,3.090,2.920,0.000,0.000,6.355,14.670,1.525,0.000,0.000,0.000,0.000,0.000,0.000,6.728,0.000,113.63
2,Hypothetical protein BSU25140,180,1420.59,1,1420.5932,0.64,0.23,97.6,3.050,0.000,1.413,0.000,0.000,3.090,2.920,0.000,0.000,6.355,14.670,1.525,0.000,0.000,0.000,0.000,0.000,0.000,6.728,0.000,113.83
2,Hypothetical protein BSU25140,181,1420.59,1,1420.5932,0.54,0.26,113.0,3.050,0.000,1.413,0.000,0.000,3.090,2.920,0.000,0.000,6.355,14.670,1.525,0.000,0.000,0.000,0.000,0.000,0.000,6.728,0.000,114.01