,rmsre_train,rmsre_test
0,0.0098384129729746,0.020460100175241358
1,0.0098384129729746,0.020460100175241358
2,0.0098384129729746,0.020460100175241358
3,0.0098384129729746,0.020460100175241358
4,0.0098384129729746,0.020460100175241358
5,0.0098384129729746,0.020460100175241358
6,0.0098384129729746,0.020460100175241358
7,0.0098384129729746,0.020460100175241358
8,0.0098384129729746,0.020460100175241358
9,0.0098384129729746,0.020460100175241358
10,0.0098384129729746,0.020460100175241358
11,0.0098384129729746,0.020460100175241358
12,0.0098384129729746,0.020460100175241358
13,0.0098384129729746,0.020460100175241358
14,0.0098384129729746,0.020460100175241358
15,0.0098384129729746,0.020460100175241358
16,0.0098384129729746,0.020460100175241358
17,0.0098384129729746,0.020460100175241358
18,0.0098384129729746,0.020460100175241358
19,0.0098384129729746,0.020460100175241358
20,0.0098384129729746,0.020460100175241358
21,0.0098384129729746,0.020460100175241358
22,0.0098384129729746,0.020460100175241358
23,0.0098384129729746,0.020460100175241358
24,0.0098384129729746,0.020460100175241358
25,0.0098384129729746,0.020460100175241358
26,0.0098384129729746,0.020460100175241358
27,0.0098384129729746,0.020460100175241358
28,0.0098384129729746,0.020460100175241358
29,0.0098384129729746,0.020460100175241358
30,0.0098384129729746,0.020460100175241358
31,0.0098384129729746,0.020460100175241358
32,0.0098384129729746,0.020460100175241358
33,0.0098384129729746,0.020460100175241358
34,0.0098384129729746,0.020460100175241358
35,0.0098384129729746,0.020460100175241358
36,0.0098384129729746,0.020460100175241358
37,0.0098384129729746,0.020460100175241358
38,0.0098384129729746,0.020460100175241358
39,0.0098384129729746,0.020460100175241358
40,0.0098384129729746,0.020460100175241358
41,0.0098384129729746,0.020460100175241358
42,0.0098384129729746,0.020460100175241358
43,0.0098384129729746,0.020460100175241358
44,0.0098384129729746,0.020460100175241358
45,0.0098384129729746,0.020460100175241358
46,0.0098384129729746,0.020460100175241358
47,0.0098384129729746,0.020460100175241358
48,0.0098384129729746,0.020460100175241358
49,0.0098384129729746,0.020460100175241358
50,0.0098384129729746,0.020460100175241358
51,0.0098384129729746,0.020460100175241358
52,0.0098384129729746,0.020460100175241358
53,0.0098384129729746,0.020460100175241358
54,0.0098384129729746,0.020460100175241358
55,0.0098384129729746,0.020460100175241358
56,0.0098384129729746,0.020460100175241358
57,0.0098384129729746,0.020460100175241358
58,0.0098384129729746,0.020460100175241358
59,0.0098384129729746,0.020460100175241358
60,0.0098384129729746,0.020460100175241358
61,0.0098384129729746,0.020460100175241358
62,0.0098384129729746,0.020460100175241358
63,0.0098384129729746,0.020460100175241358
64,0.0098384129729746,0.020460100175241358
65,0.0098384129729746,0.020460100175241358
66,0.0098384129729746,0.020460100175241358
67,0.0098384129729746,0.020460100175241358
68,0.0098384129729746,0.020460100175241358
69,0.0098384129729746,0.020460100175241358
70,0.0098384129729746,0.020460100175241358
71,0.0098384129729746,0.020460100175241358
72,0.0098384129729746,0.020460100175241358
73,0.0098384129729746,0.020460100175241358
74,0.0098384129729746,0.020460100175241358
75,0.0098384129729746,0.020460100175241358
76,0.0098384129729746,0.020460100175241358
77,0.0098384129729746,0.020460100175241358
78,0.0098384129729746,0.020460100175241358
79,0.0098384129729746,0.020460100175241358
80,0.0098384129729746,0.020460100175241358
81,0.0098384129729746,0.020460100175241358
82,0.0098384129729746,0.020460100175241358
83,0.0098384129729746,0.020460100175241358
84,0.0098384129729746,0.020460100175241358
85,0.0098384129729746,0.020460100175241358
86,0.0098384129729746,0.020460100175241358
87,0.0098384129729746,0.020460100175241358
88,0.0098384129729746,0.020460100175241358
89,0.0098384129729746,0.020460100175241358
90,0.0098384129729746,0.020460100175241358
91,0.0098384129729746,0.020460100175241358
92,0.0098384129729746,0.020460100175241358
93,0.0098384129729746,0.020460100175241358
94,0.0098384129729746,0.020460100175241358
95,0.0098384129729746,0.020460100175241358
96,0.0098384129729746,0.020460100175241358
97,0.0098384129729746,0.020460100175241358
98,0.0098384129729746,0.020460100175241358
99,0.0098384129729746,0.020460100175241358
100,0.0098384129729746,0.020460100175241358
101,0.0098384129729746,0.020460100175241358
102,0.0098384129729746,0.020460100175241358
103,0.0098384129729746,0.020460100175241358
104,0.0098384129729746,0.020460100175241358
105,0.0098384129729746,0.020460100175241358
106,0.0098384129729746,0.020460100175241358
107,0.0098384129729746,0.020460100175241358
108,0.0098384129729746,0.020460100175241358
109,0.0098384129729746,0.020460100175241358
110,0.0098384129729746,0.020460100175241358
111,0.0098384129729746,0.020460100175241358
112,0.0098384129729746,0.020460100175241358
113,0.0098384129729746,0.020460100175241358
114,0.0098384129729746,0.020460100175241358
115,0.0098384129729746,0.020460100175241358
116,0.0098384129729746,0.020460100175241358
117,0.0098384129729746,0.020460100175241358
118,0.0098384129729746,0.020460100175241358
119,0.0098384129729746,0.020460100175241358
120,0.0098384129729746,0.020460100175241358
121,0.0098384129729746,0.020460100175241358
122,0.0098384129729746,0.020460100175241358
123,0.0098384129729746,0.020460100175241358
124,0.0098384129729746,0.020460100175241358
125,0.0098384129729746,0.020460100175241358
126,0.0098384129729746,0.020460100175241358
127,0.0098384129729746,0.020460100175241358
128,0.0098384129729746,0.020460100175241358
129,0.0098384129729746,0.020460100175241358
130,0.0098384129729746,0.020460100175241358
131,0.0098384129729746,0.020460100175241358
132,0.0098384129729746,0.020460100175241358
133,0.0098384129729746,0.020460100175241358
134,0.0098384129729746,0.020460100175241358
135,0.0098384129729746,0.020460100175241358
136,0.0098384129729746,0.020460100175241358
137,0.0098384129729746,0.020460100175241358
138,0.0098384129729746,0.020460100175241358
139,0.0098384129729746,0.020460100175241358
140,0.0098384129729746,0.020460100175241358
141,0.0098384129729746,0.020460100175241358
142,0.0098384129729746,0.020460100175241358
143,0.0098384129729746,0.020460100175241358
144,0.0098384129729746,0.020460100175241358
145,0.0098384129729746,0.020460100175241358
146,0.0098384129729746,0.020460100175241358
147,0.0098384129729746,0.020460100175241358
148,0.0098384129729746,0.020460100175241358
149,0.0098384129729746,0.020460100175241358
150,0.0098384129729746,0.020460100175241358
151,0.0098384129729746,0.020460100175241358
152,0.0098384129729746,0.020460100175241358
153,0.0098384129729746,0.020460100175241358
154,0.0098384129729746,0.020460100175241358
155,0.0098384129729746,0.020460100175241358
156,0.0098384129729746,0.020460100175241358
157,0.0098384129729746,0.020460100175241358
158,0.0098384129729746,0.020460100175241358
159,0.0098384129729746,0.020460100175241358
160,0.0098384129729746,0.020460100175241358
161,0.0098384129729746,0.020460100175241358
162,0.0098384129729746,0.020460100175241358
163,0.0098384129729746,0.020460100175241358
164,0.0098384129729746,0.020460100175241358
165,0.0098384129729746,0.020460100175241358
166,0.0098384129729746,0.020460100175241358
167,0.0098384129729746,0.020460100175241358
168,0.0098384129729746,0.020460100175241358
169,0.0098384129729746,0.020460100175241358
170,0.0098384129729746,0.020460100175241358
171,0.0098384129729746,0.020460100175241358
172,0.0098384129729746,0.020460100175241358
173,0.0098384129729746,0.020460100175241358
174,0.0098384129729746,0.020460100175241358
175,0.0098384129729746,0.020460100175241358
176,0.0098384129729746,0.020460100175241358
177,0.0098384129729746,0.020460100175241358
178,0.0098384129729746,0.020460100175241358
179,0.0098384129729746,0.020460100175241358
180,0.0098384129729746,0.020460100175241358
181,0.0098384129729746,0.020460100175241358
182,0.0098384129729746,0.020460100175241358
183,0.0098384129729746,0.020460100175241358
184,0.0098384129729746,0.020460100175241358
185,0.0098384129729746,0.020460100175241358
186,0.0098384129729746,0.020460100175241358
187,0.0098384129729746,0.020460100175241358
188,0.0098384129729746,0.020460100175241358
189,0.0098384129729746,0.020460100175241358
190,0.0098384129729746,0.020460100175241358
191,0.0098384129729746,0.020460100175241358
192,0.0098384129729746,0.020460100175241358
193,0.0098384129729746,0.020460100175241358
194,0.0098384129729746,0.020460100175241358
195,0.0098384129729746,0.020460100175241358
196,0.0098384129729746,0.020460100175241358
197,0.0098384129729746,0.020460100175241358
198,0.0098384129729746,0.020460100175241358
199,0.0098384129729746,0.020460100175241358
200,0.0098384129729746,0.020460100175241358
201,0.0098384129729746,0.020460100175241358
202,0.0098384129729746,0.020460100175241358
203,0.0098384129729746,0.020460100175241358
204,0.0098384129729746,0.020460100175241358
205,0.0098384129729746,0.020460100175241358
206,0.0098384129729746,0.020460100175241358
207,0.0098384129729746,0.020460100175241358
208,0.0098384129729746,0.020460100175241358
209,0.0098384129729746,0.020460100175241358
210,0.0098384129729746,0.020460100175241358
211,0.0098384129729746,0.020460100175241358
212,0.0098384129729746,0.020460100175241358
213,0.0098384129729746,0.020460100175241358
214,0.0098384129729746,0.020460100175241358
215,0.0098384129729746,0.020460100175241358
216,0.0098384129729746,0.020460100175241358
217,0.0098384129729746,0.020460100175241358
218,0.0098384129729746,0.020460100175241358
219,0.0098384129729746,0.020460100175241358
220,0.0098384129729746,0.020460100175241358
221,0.0098384129729746,0.020460100175241358
222,0.0098384129729746,0.020460100175241358
223,0.0098384129729746,0.020460100175241358
224,0.0098384129729746,0.020460100175241358
225,0.0098384129729746,0.020460100175241358
226,0.0098384129729746,0.020460100175241358
227,0.0098384129729746,0.020460100175241358
228,0.0098384129729746,0.020460100175241358
229,0.0098384129729746,0.020460100175241358
230,0.0098384129729746,0.020460100175241358
231,0.0098384129729746,0.020460100175241358
232,0.0098384129729746,0.020460100175241358
233,0.0098384129729746,0.020460100175241358
234,0.0098384129729746,0.020460100175241358
235,0.0098384129729746,0.020460100175241358
236,0.0098384129729746,0.020460100175241358
237,0.0098384129729746,0.020460100175241358
238,0.0098384129729746,0.020460100175241358
239,0.0098384129729746,0.020460100175241358
240,0.0098384129729746,0.020460100175241358
241,0.0098384129729746,0.020460100175241358
242,0.0098384129729746,0.020460100175241358
243,0.0098384129729746,0.020460100175241358
244,0.0098384129729746,0.020460100175241358
245,0.0098384129729746,0.020460100175241358
246,0.0098384129729746,0.020460100175241358
247,0.0098384129729746,0.020460100175241358
248,0.0098384129729746,0.020460100175241358
249,0.0098384129729746,0.020460100175241358
250,0.0098384129729746,0.020460100175241358
251,0.0098384129729746,0.020460100175241358
252,0.0098384129729746,0.020460100175241358
253,0.0098384129729746,0.020460100175241358
254,0.0098384129729746,0.020460100175241358
255,0.0098384129729746,0.020460100175241358
256,0.0098384129729746,0.020460100175241358
257,0.0098384129729746,0.020460100175241358
258,0.0098384129729746,0.020460100175241358
259,0.0098384129729746,0.020460100175241358
260,0.0098384129729746,0.020460100175241358
261,0.0098384129729746,0.020460100175241358
262,0.0098384129729746,0.020460100175241358
263,0.0098384129729746,0.020460100175241358
264,0.0098384129729746,0.020460100175241358
265,0.0098384129729746,0.020460100175241358
266,0.0098384129729746,0.020460100175241358
267,0.0098384129729746,0.020460100175241358
268,0.0098384129729746,0.020460100175241358
269,0.0098384129729746,0.020460100175241358
270,0.0098384129729746,0.020460100175241358
271,0.0098384129729746,0.020460100175241358
272,0.0098384129729746,0.020460100175241358
273,0.0098384129729746,0.020460100175241358
274,0.0098384129729746,0.020460100175241358
275,0.0098384129729746,0.020460100175241358
276,0.0098384129729746,0.020460100175241358
277,0.0098384129729746,0.020460100175241358
278,0.0098384129729746,0.020460100175241358
279,0.0098384129729746,0.020460100175241358
280,0.0098384129729746,0.020460100175241358
281,0.0098384129729746,0.020460100175241358
282,0.0098384129729746,0.020460100175241358
283,0.0098384129729746,0.020460100175241358
284,0.0098384129729746,0.020460100175241358
285,0.0098384129729746,0.020460100175241358
286,0.0098384129729746,0.020460100175241358
287,0.0098384129729746,0.020460100175241358
288,0.0098384129729746,0.020460100175241358
289,0.0098384129729746,0.020460100175241358
290,0.0098384129729746,0.020460100175241358
291,0.0098384129729746,0.020460100175241358
292,0.0098384129729746,0.020460100175241358
293,0.0098384129729746,0.020460100175241358
294,0.0098384129729746,0.020460100175241358
295,0.0098384129729746,0.020460100175241358
296,0.0098384129729746,0.020460100175241358
297,0.0098384129729746,0.020460100175241358
298,0.0098384129729746,0.020460100175241358
299,0.0098384129729746,0.020460100175241358
300,0.0098384129729746,0.020460100175241358
301,0.0098384129729746,0.020460100175241358
302,0.0098384129729746,0.020460100175241358
303,0.0098384129729746,0.020460100175241358
304,0.0098384129729746,0.020460100175241358
305,0.0098384129729746,0.020460100175241358
306,0.0098384129729746,0.020460100175241358
307,0.0098384129729746,0.020460100175241358
308,0.0098384129729746,0.020460100175241358
309,0.0098384129729746,0.020460100175241358
310,0.0098384129729746,0.020460100175241358
311,0.0098384129729746,0.020460100175241358
312,0.0098384129729746,0.020460100175241358
313,0.0098384129729746,0.020460100175241358
314,0.0098384129729746,0.020460100175241358
315,0.0098384129729746,0.020460100175241358
316,0.0098384129729746,0.020460100175241358
317,0.0098384129729746,0.020460100175241358
318,0.0098384129729746,0.020460100175241358
319,0.0098384129729746,0.020460100175241358
320,0.0098384129729746,0.020460100175241358
321,0.0098384129729746,0.020460100175241358
322,0.0098384129729746,0.020460100175241358
323,0.0098384129729746,0.020460100175241358
324,0.0098384129729746,0.020460100175241358
325,0.0098384129729746,0.020460100175241358
326,0.0098384129729746,0.020460100175241358
327,0.0098384129729746,0.020460100175241358
328,0.0098384129729746,0.020460100175241358
329,0.0098384129729746,0.020460100175241358
330,0.0098384129729746,0.020460100175241358
331,0.0098384129729746,0.020460100175241358
332,0.0098384129729746,0.020460100175241358
333,0.0098384129729746,0.020460100175241358
334,0.0098384129729746,0.020460100175241358
335,0.0098384129729746,0.020460100175241358
336,0.0098384129729746,0.020460100175241358
337,0.0098384129729746,0.020460100175241358
338,0.0098384129729746,0.020460100175241358
339,0.0098384129729746,0.020460100175241358
340,0.0098384129729746,0.020460100175241358
341,0.0098384129729746,0.020460100175241358
342,0.0098384129729746,0.020460100175241358
343,0.0098384129729746,0.020460100175241358
344,0.0098384129729746,0.020460100175241358
345,0.0098384129729746,0.020460100175241358
346,0.0098384129729746,0.020460100175241358
347,0.0098384129729746,0.020460100175241358
348,0.0098384129729746,0.020460100175241358
349,0.0098384129729746,0.020460100175241358
350,0.0098384129729746,0.020460100175241358
351,0.0098384129729746,0.020460100175241358
352,0.0098384129729746,0.020460100175241358
353,0.0098384129729746,0.020460100175241358
354,0.0098384129729746,0.020460100175241358
355,0.0098384129729746,0.020460100175241358
356,0.0098384129729746,0.020460100175241358
357,0.0098384129729746,0.020460100175241358
358,0.0098384129729746,0.020460100175241358
359,0.0098384129729746,0.020460100175241358
360,0.0098384129729746,0.020460100175241358
361,0.0098384129729746,0.020460100175241358
362,0.0098384129729746,0.020460100175241358
363,0.0098384129729746,0.020460100175241358
364,0.0098384129729746,0.020460100175241358
365,0.0098384129729746,0.020460100175241358
366,0.0098384129729746,0.020460100175241358
367,0.0098384129729746,0.020460100175241358
368,0.0098384129729746,0.020460100175241358
369,0.0098384129729746,0.020460100175241358
370,0.0098384129729746,0.020460100175241358
371,0.0098384129729746,0.020460100175241358
372,0.0098384129729746,0.020460100175241358
373,0.0098384129729746,0.020460100175241358
374,0.0098384129729746,0.020460100175241358
375,0.0098384129729746,0.020460100175241358
376,0.0098384129729746,0.020460100175241358
377,0.0098384129729746,0.020460100175241358
378,0.0098384129729746,0.020460100175241358
379,0.0098384129729746,0.020460100175241358
380,0.0098384129729746,0.020460100175241358
381,0.0098384129729746,0.020460100175241358
382,0.0098384129729746,0.020460100175241358
383,0.0098384129729746,0.020460100175241358
384,0.0098384129729746,0.020460100175241358
385,0.0098384129729746,0.020460100175241358
386,0.0098384129729746,0.020460100175241358
387,0.0098384129729746,0.020460100175241358
388,0.0098384129729746,0.020460100175241358
389,0.0098384129729746,0.020460100175241358
390,0.0098384129729746,0.020460100175241358
391,0.0098384129729746,0.020460100175241358
392,0.0098384129729746,0.020460100175241358
393,0.0098384129729746,0.020460100175241358
394,0.0098384129729746,0.020460100175241358
395,0.0098384129729746,0.020460100175241358
396,0.0098384129729746,0.020460100175241358
397,0.0098384129729746,0.020460100175241358
398,0.0098384129729746,0.020460100175241358
399,0.0098384129729746,0.020460100175241358
400,0.0098384129729746,0.020460100175241358
401,0.0098384129729746,0.020460100175241358
402,0.0098384129729746,0.020460100175241358
403,0.0098384129729746,0.020460100175241358
404,0.0098384129729746,0.020460100175241358
405,0.0098384129729746,0.020460100175241358
406,0.0098384129729746,0.020460100175241358
407,0.0098384129729746,0.020460100175241358
408,0.0098384129729746,0.020460100175241358
409,0.0098384129729746,0.020460100175241358
410,0.0098384129729746,0.020460100175241358
411,0.0098384129729746,0.020460100175241358
412,0.0098384129729746,0.020460100175241358
413,0.0098384129729746,0.020460100175241358
414,0.0098384129729746,0.020460100175241358
415,0.0098384129729746,0.020460100175241358
416,0.0098384129729746,0.020460100175241358
417,0.0098384129729746,0.020460100175241358
418,0.0098384129729746,0.020460100175241358
419,0.0098384129729746,0.020460100175241358
420,0.0098384129729746,0.020460100175241358
421,0.0098384129729746,0.020460100175241358
422,0.0098384129729746,0.020460100175241358
423,0.0098384129729746,0.020460100175241358
424,0.0098384129729746,0.020460100175241358
425,0.0098384129729746,0.020460100175241358
426,0.0098384129729746,0.020460100175241358
427,0.0098384129729746,0.020460100175241358
428,0.0098384129729746,0.020460100175241358
429,0.0098384129729746,0.020460100175241358
430,0.0098384129729746,0.020460100175241358
431,0.0098384129729746,0.020460100175241358
432,0.0098384129729746,0.020460100175241358
433,0.0098384129729746,0.020460100175241358
434,0.0098384129729746,0.020460100175241358
435,0.0098384129729746,0.020460100175241358
436,0.0098384129729746,0.020460100175241358
437,0.0098384129729746,0.020460100175241358
438,0.0098384129729746,0.020460100175241358
439,0.0098384129729746,0.020460100175241358
440,0.0098384129729746,0.020460100175241358
441,0.0098384129729746,0.020460100175241358
442,0.0098384129729746,0.020460100175241358
443,0.0098384129729746,0.020460100175241358
444,0.0098384129729746,0.020460100175241358
445,0.0098384129729746,0.020460100175241358
446,0.0098384129729746,0.020460100175241358
447,0.0098384129729746,0.020460100175241358
448,0.0098384129729746,0.020460100175241358
449,0.0098384129729746,0.020460100175241358
450,0.0098384129729746,0.020460100175241358
451,0.0098384129729746,0.020460100175241358
452,0.0098384129729746,0.020460100175241358
453,0.0098384129729746,0.020460100175241358
454,0.0098384129729746,0.020460100175241358
455,0.0098384129729746,0.020460100175241358
456,0.0098384129729746,0.020460100175241358
457,0.0098384129729746,0.020460100175241358
458,0.0098384129729746,0.020460100175241358
459,0.0098384129729746,0.020460100175241358
460,0.0098384129729746,0.020460100175241358
461,0.0098384129729746,0.020460100175241358
462,0.0098384129729746,0.020460100175241358
463,0.0098384129729746,0.020460100175241358
464,0.0098384129729746,0.020460100175241358
465,0.0098384129729746,0.020460100175241358
466,0.0098384129729746,0.020460100175241358
467,0.0098384129729746,0.020460100175241358
468,0.0098384129729746,0.020460100175241358
469,0.0098384129729746,0.020460100175241358
470,0.0098384129729746,0.020460100175241358
471,0.0098384129729746,0.020460100175241358
472,0.0098384129729746,0.020460100175241358
473,0.0098384129729746,0.020460100175241358
474,0.0098384129729746,0.020460100175241358
475,0.0098384129729746,0.020460100175241358
476,0.0098384129729746,0.020460100175241358
477,0.0098384129729746,0.020460100175241358
478,0.0098384129729746,0.020460100175241358
479,0.0098384129729746,0.020460100175241358
480,0.0098384129729746,0.020460100175241358
481,0.0098384129729746,0.020460100175241358
482,0.0098384129729746,0.020460100175241358
483,0.0098384129729746,0.020460100175241358
484,0.0098384129729746,0.020460100175241358
485,0.0098384129729746,0.020460100175241358
486,0.0098384129729746,0.020460100175241358
487,0.0098384129729746,0.020460100175241358
488,0.0098384129729746,0.020460100175241358
489,0.0098384129729746,0.020460100175241358
490,0.0098384129729746,0.020460100175241358
491,0.0098384129729746,0.020460100175241358
492,0.0098384129729746,0.020460100175241358
493,0.0098384129729746,0.020460100175241358
494,0.0098384129729746,0.020460100175241358
495,0.0098384129729746,0.020460100175241358
496,0.0098384129729746,0.020460100175241358
497,0.0098384129729746,0.020460100175241358
498,0.0098384129729746,0.020460100175241358
499,0.0098384129729746,0.020460100175241358
500,0.0098384129729746,0.020460100175241358
501,0.0098384129729746,0.020460100175241358
502,0.0098384129729746,0.020460100175241358
503,0.0098384129729746,0.020460100175241358
504,0.0098384129729746,0.020460100175241358
505,0.0098384129729746,0.020460100175241358
506,0.0098384129729746,0.020460100175241358
507,0.0098384129729746,0.020460100175241358
508,0.0098384129729746,0.020460100175241358
509,0.0098384129729746,0.020460100175241358
510,0.0098384129729746,0.020460100175241358
511,0.0098384129729746,0.020460100175241358
512,0.0098384129729746,0.020460100175241358
513,0.0098384129729746,0.020460100175241358
514,0.0098384129729746,0.020460100175241358
515,0.0098384129729746,0.020460100175241358
516,0.0098384129729746,0.020460100175241358
517,0.0098384129729746,0.020460100175241358
518,0.0098384129729746,0.020460100175241358
519,0.0098384129729746,0.020460100175241358
520,0.0098384129729746,0.020460100175241358
521,0.0098384129729746,0.020460100175241358
522,0.0098384129729746,0.020460100175241358
523,0.0098384129729746,0.020460100175241358
524,0.0098384129729746,0.020460100175241358
525,0.0098384129729746,0.020460100175241358
526,0.0098384129729746,0.020460100175241358
527,0.0098384129729746,0.020460100175241358
528,0.0098384129729746,0.020460100175241358
529,0.0098384129729746,0.020460100175241358
530,0.0098384129729746,0.020460100175241358
531,0.0098384129729746,0.020460100175241358
532,0.0098384129729746,0.020460100175241358
533,0.0098384129729746,0.020460100175241358
534,0.0098384129729746,0.020460100175241358
535,0.0098384129729746,0.020460100175241358
536,0.0098384129729746,0.020460100175241358
537,0.0098384129729746,0.020460100175241358
538,0.0098384129729746,0.020460100175241358
539,0.0098384129729746,0.020460100175241358
540,0.0098384129729746,0.020460100175241358
541,0.0098384129729746,0.020460100175241358
542,0.0098384129729746,0.020460100175241358
543,0.0098384129729746,0.020460100175241358
544,0.0098384129729746,0.020460100175241358
545,0.0098384129729746,0.020460100175241358
546,0.0098384129729746,0.020460100175241358
547,0.0098384129729746,0.020460100175241358
548,0.0098384129729746,0.020460100175241358
549,0.0098384129729746,0.020460100175241358
550,0.0098384129729746,0.020460100175241358
551,0.0098384129729746,0.020460100175241358
552,0.0098384129729746,0.020460100175241358
553,0.0098384129729746,0.020460100175241358
554,0.0098384129729746,0.020460100175241358
555,0.0098384129729746,0.020460100175241358
556,0.0098384129729746,0.020460100175241358
557,0.0098384129729746,0.020460100175241358
558,0.0098384129729746,0.020460100175241358
559,0.0098384129729746,0.020460100175241358
560,0.0098384129729746,0.020460100175241358
561,0.0098384129729746,0.020460100175241358
562,0.0098384129729746,0.020460100175241358
563,0.0098384129729746,0.020460100175241358
564,0.0098384129729746,0.020460100175241358
565,0.0098384129729746,0.020460100175241358
566,0.0098384129729746,0.020460100175241358
567,0.0098384129729746,0.020460100175241358
568,0.0098384129729746,0.020460100175241358
569,0.0098384129729746,0.020460100175241358
570,0.0098384129729746,0.020460100175241358
571,0.0098384129729746,0.020460100175241358
572,0.0098384129729746,0.020460100175241358
573,0.0098384129729746,0.020460100175241358
574,0.0098384129729746,0.020460100175241358
575,0.0098384129729746,0.020460100175241358
576,0.0098384129729746,0.020460100175241358
577,0.0098384129729746,0.020460100175241358
578,0.0098384129729746,0.020460100175241358
579,0.0098384129729746,0.020460100175241358
580,0.0098384129729746,0.020460100175241358
581,0.0098384129729746,0.020460100175241358
582,0.0098384129729746,0.020460100175241358
583,0.0098384129729746,0.020460100175241358
584,0.0098384129729746,0.020460100175241358
585,0.0098384129729746,0.020460100175241358
586,0.0098384129729746,0.020460100175241358
587,0.0098384129729746,0.020460100175241358
588,0.0098384129729746,0.020460100175241358
589,0.0098384129729746,0.020460100175241358
590,0.0098384129729746,0.020460100175241358
591,0.0098384129729746,0.020460100175241358
592,0.0098384129729746,0.020460100175241358
593,0.0098384129729746,0.020460100175241358
594,0.0098384129729746,0.020460100175241358
595,0.0098384129729746,0.020460100175241358
596,0.0098384129729746,0.020460100175241358
597,0.0098384129729746,0.020460100175241358
598,0.0098384129729746,0.020460100175241358
599,0.0098384129729746,0.020460100175241358
600,0.0098384129729746,0.020460100175241358
601,0.0098384129729746,0.020460100175241358
602,0.0098384129729746,0.020460100175241358
603,0.0098384129729746,0.020460100175241358
604,0.0098384129729746,0.020460100175241358
605,0.0098384129729746,0.020460100175241358
606,0.0098384129729746,0.020460100175241358
607,0.0098384129729746,0.020460100175241358
608,0.0098384129729746,0.020460100175241358
609,0.0098384129729746,0.020460100175241358
610,0.0098384129729746,0.020460100175241358
611,0.0098384129729746,0.020460100175241358
612,0.0098384129729746,0.020460100175241358
613,0.0098384129729746,0.020460100175241358
614,0.0098384129729746,0.020460100175241358
615,0.0098384129729746,0.020460100175241358
616,0.0098384129729746,0.020460100175241358
617,0.0098384129729746,0.020460100175241358
618,0.0098384129729746,0.020460100175241358
619,0.0098384129729746,0.020460100175241358
620,0.0098384129729746,0.020460100175241358
621,0.0098384129729746,0.020460100175241358
622,0.0098384129729746,0.020460100175241358
623,0.0098384129729746,0.020460100175241358
624,0.0098384129729746,0.020460100175241358
625,0.0098384129729746,0.020460100175241358
626,0.0098384129729746,0.020460100175241358
627,0.0098384129729746,0.020460100175241358
628,0.0098384129729746,0.020460100175241358
629,0.0098384129729746,0.020460100175241358
630,0.0098384129729746,0.020460100175241358
631,0.0098384129729746,0.020460100175241358
632,0.0098384129729746,0.020460100175241358
633,0.0098384129729746,0.020460100175241358
634,0.0098384129729746,0.020460100175241358
635,0.0098384129729746,0.020460100175241358
636,0.0098384129729746,0.020460100175241358
637,0.0098384129729746,0.020460100175241358
638,0.0098384129729746,0.020460100175241358
639,0.0098384129729746,0.020460100175241358
640,0.0098384129729746,0.020460100175241358
641,0.0098384129729746,0.020460100175241358
642,0.0098384129729746,0.020460100175241358
643,0.0098384129729746,0.020460100175241358
644,0.0098384129729746,0.020460100175241358
645,0.0098384129729746,0.020460100175241358
646,0.0098384129729746,0.020460100175241358
647,0.0098384129729746,0.020460100175241358
648,0.0098384129729746,0.020460100175241358
649,0.0098384129729746,0.020460100175241358
650,0.0098384129729746,0.020460100175241358
651,0.0098384129729746,0.020460100175241358
652,0.0098384129729746,0.020460100175241358
653,0.0098384129729746,0.020460100175241358
654,0.0098384129729746,0.020460100175241358
655,0.0098384129729746,0.020460100175241358
656,0.0098384129729746,0.020460100175241358
657,0.0098384129729746,0.020460100175241358
658,0.0098384129729746,0.020460100175241358
659,0.0098384129729746,0.020460100175241358
660,0.0098384129729746,0.020460100175241358
661,0.0098384129729746,0.020460100175241358
662,0.0098384129729746,0.020460100175241358
663,0.0098384129729746,0.020460100175241358
664,0.0098384129729746,0.020460100175241358
665,0.0098384129729746,0.020460100175241358
666,0.0098384129729746,0.020460100175241358
667,0.0098384129729746,0.020460100175241358
668,0.0098384129729746,0.020460100175241358
669,0.0098384129729746,0.020460100175241358
670,0.0098384129729746,0.020460100175241358
671,0.0098384129729746,0.020460100175241358
672,0.0098384129729746,0.020460100175241358
673,0.0098384129729746,0.020460100175241358
674,0.0098384129729746,0.020460100175241358
675,0.0098384129729746,0.020460100175241358
676,0.0098384129729746,0.020460100175241358
677,0.0098384129729746,0.020460100175241358
678,0.0098384129729746,0.020460100175241358
679,0.0098384129729746,0.020460100175241358
680,0.0098384129729746,0.020460100175241358
681,0.0098384129729746,0.020460100175241358
682,0.0098384129729746,0.020460100175241358
683,0.0098384129729746,0.020460100175241358
684,0.0098384129729746,0.020460100175241358
685,0.0098384129729746,0.020460100175241358
686,0.0098384129729746,0.020460100175241358
687,0.0098384129729746,0.020460100175241358
688,0.0098384129729746,0.020460100175241358
689,0.0098384129729746,0.020460100175241358
690,0.0098384129729746,0.020460100175241358
691,0.0098384129729746,0.020460100175241358
692,0.0098384129729746,0.020460100175241358
693,0.0098384129729746,0.020460100175241358
694,0.0098384129729746,0.020460100175241358
695,0.0098384129729746,0.020460100175241358
696,0.0098384129729746,0.020460100175241358
697,0.0098384129729746,0.020460100175241358
698,0.0098384129729746,0.020460100175241358
699,0.0098384129729746,0.020460100175241358
700,0.0098384129729746,0.020460100175241358
701,0.0098384129729746,0.020460100175241358
702,0.0098384129729746,0.020460100175241358
703,0.0098384129729746,0.020460100175241358
704,0.0098384129729746,0.020460100175241358
705,0.0098384129729746,0.020460100175241358
706,0.0098384129729746,0.020460100175241358
707,0.0098384129729746,0.020460100175241358
708,0.0098384129729746,0.020460100175241358
709,0.0098384129729746,0.020460100175241358
710,0.0098384129729746,0.020460100175241358
711,0.0098384129729746,0.020460100175241358
712,0.0098384129729746,0.020460100175241358
713,0.0098384129729746,0.020460100175241358
714,0.0098384129729746,0.020460100175241358
715,0.0098384129729746,0.020460100175241358
716,0.0098384129729746,0.020460100175241358
717,0.0098384129729746,0.020460100175241358
718,0.0098384129729746,0.020460100175241358
719,0.0098384129729746,0.020460100175241358
720,0.0098384129729746,0.020460100175241358
721,0.0098384129729746,0.020460100175241358
722,0.0098384129729746,0.020460100175241358
723,0.0098384129729746,0.020460100175241358
724,0.0098384129729746,0.020460100175241358
725,0.0098384129729746,0.020460100175241358
726,0.0098384129729746,0.020460100175241358
727,0.0098384129729746,0.020460100175241358
728,0.0098384129729746,0.020460100175241358
729,0.0098384129729746,0.020460100175241358
730,0.0098384129729746,0.020460100175241358
731,0.0098384129729746,0.020460100175241358
732,0.0098384129729746,0.020460100175241358
733,0.0098384129729746,0.020460100175241358
734,0.0098384129729746,0.020460100175241358
735,0.0098384129729746,0.020460100175241358
736,0.0098384129729746,0.020460100175241358
737,0.0098384129729746,0.020460100175241358
738,0.0098384129729746,0.020460100175241358
739,0.0098384129729746,0.020460100175241358
740,0.0098384129729746,0.020460100175241358
741,0.0098384129729746,0.020460100175241358
742,0.0098384129729746,0.020460100175241358
743,0.0098384129729746,0.020460100175241358
744,0.0098384129729746,0.020460100175241358
745,0.0098384129729746,0.020460100175241358
746,0.0098384129729746,0.020460100175241358
747,0.0098384129729746,0.020460100175241358
748,0.0098384129729746,0.020460100175241358
749,0.0098384129729746,0.020460100175241358
750,0.0098384129729746,0.020460100175241358
751,0.0098384129729746,0.020460100175241358
752,0.0098384129729746,0.020460100175241358
753,0.0098384129729746,0.020460100175241358
754,0.0098384129729746,0.020460100175241358
755,0.0098384129729746,0.020460100175241358
756,0.0098384129729746,0.020460100175241358
757,0.0098384129729746,0.020460100175241358
758,0.0098384129729746,0.020460100175241358
759,0.0098384129729746,0.020460100175241358
760,0.0098384129729746,0.020460100175241358
761,0.0098384129729746,0.020460100175241358
762,0.0098384129729746,0.020460100175241358
763,0.0098384129729746,0.020460100175241358
764,0.0098384129729746,0.020460100175241358
765,0.0098384129729746,0.020460100175241358
766,0.0098384129729746,0.020460100175241358
767,0.0098384129729746,0.020460100175241358
768,0.0098384129729746,0.020460100175241358
769,0.0098384129729746,0.020460100175241358
770,0.0098384129729746,0.020460100175241358
771,0.0098384129729746,0.020460100175241358
772,0.0098384129729746,0.020460100175241358
773,0.0098384129729746,0.020460100175241358
774,0.0098384129729746,0.020460100175241358
775,0.0098384129729746,0.020460100175241358
776,0.0098384129729746,0.020460100175241358
777,0.0098384129729746,0.020460100175241358
778,0.0098384129729746,0.020460100175241358
779,0.0098384129729746,0.020460100175241358
780,0.0098384129729746,0.020460100175241358
781,0.0098384129729746,0.020460100175241358
782,0.0098384129729746,0.020460100175241358
783,0.0098384129729746,0.020460100175241358
784,0.0098384129729746,0.020460100175241358
785,0.0098384129729746,0.020460100175241358
786,0.0098384129729746,0.020460100175241358
787,0.0098384129729746,0.020460100175241358
788,0.0098384129729746,0.020460100175241358
789,0.0098384129729746,0.020460100175241358
790,0.0098384129729746,0.020460100175241358
791,0.0098384129729746,0.020460100175241358
792,0.0098384129729746,0.020460100175241358
793,0.0098384129729746,0.020460100175241358
794,0.0098384129729746,0.020460100175241358
795,0.0098384129729746,0.020460100175241358
796,0.0098384129729746,0.020460100175241358
797,0.0098384129729746,0.020460100175241358
798,0.0098384129729746,0.020460100175241358
799,0.0098384129729746,0.020460100175241358
800,0.0098384129729746,0.020460100175241358
801,0.0098384129729746,0.020460100175241358
802,0.0098384129729746,0.020460100175241358
803,0.0098384129729746,0.020460100175241358
804,0.0098384129729746,0.020460100175241358
805,0.0098384129729746,0.020460100175241358
806,0.0098384129729746,0.020460100175241358
807,0.0098384129729746,0.020460100175241358
808,0.0098384129729746,0.020460100175241358
809,0.0098384129729746,0.020460100175241358
810,0.0098384129729746,0.020460100175241358
811,0.0098384129729746,0.020460100175241358
812,0.0098384129729746,0.020460100175241358
813,0.0098384129729746,0.020460100175241358
814,0.0098384129729746,0.020460100175241358
815,0.0098384129729746,0.020460100175241358
816,0.0098384129729746,0.020460100175241358
817,0.0098384129729746,0.020460100175241358
818,0.0098384129729746,0.020460100175241358
819,0.0098384129729746,0.020460100175241358
820,0.0098384129729746,0.020460100175241358
821,0.0098384129729746,0.020460100175241358
822,0.0098384129729746,0.020460100175241358
823,0.0098384129729746,0.020460100175241358
824,0.0098384129729746,0.020460100175241358
825,0.0098384129729746,0.020460100175241358
826,0.0098384129729746,0.020460100175241358
827,0.0098384129729746,0.020460100175241358
828,0.0098384129729746,0.020460100175241358
829,0.0098384129729746,0.020460100175241358
830,0.0098384129729746,0.020460100175241358
831,0.0098384129729746,0.020460100175241358
832,0.0098384129729746,0.020460100175241358
833,0.0098384129729746,0.020460100175241358
834,0.0098384129729746,0.020460100175241358
835,0.0098384129729746,0.020460100175241358
836,0.0098384129729746,0.020460100175241358
837,0.0098384129729746,0.020460100175241358
838,0.0098384129729746,0.020460100175241358
839,0.0098384129729746,0.020460100175241358
840,0.0098384129729746,0.020460100175241358
841,0.0098384129729746,0.020460100175241358
842,0.0098384129729746,0.020460100175241358
843,0.0098384129729746,0.020460100175241358
844,0.0098384129729746,0.020460100175241358
845,0.0098384129729746,0.020460100175241358
846,0.0098384129729746,0.020460100175241358
847,0.0098384129729746,0.020460100175241358
848,0.0098384129729746,0.020460100175241358
849,0.0098384129729746,0.020460100175241358
850,0.0098384129729746,0.020460100175241358
851,0.0098384129729746,0.020460100175241358
852,0.0098384129729746,0.020460100175241358
853,0.0098384129729746,0.020460100175241358
854,0.0098384129729746,0.020460100175241358
855,0.0098384129729746,0.020460100175241358
856,0.0098384129729746,0.020460100175241358
857,0.0098384129729746,0.020460100175241358
858,0.0098384129729746,0.020460100175241358
859,0.0098384129729746,0.020460100175241358
860,0.0098384129729746,0.020460100175241358
861,0.0098384129729746,0.020460100175241358
862,0.0098384129729746,0.020460100175241358
863,0.0098384129729746,0.020460100175241358
864,0.0098384129729746,0.020460100175241358
865,0.0098384129729746,0.020460100175241358
866,0.0098384129729746,0.020460100175241358
867,0.0098384129729746,0.020460100175241358
868,0.0098384129729746,0.020460100175241358
869,0.0098384129729746,0.020460100175241358
870,0.0098384129729746,0.020460100175241358
871,0.0098384129729746,0.020460100175241358
872,0.0098384129729746,0.020460100175241358
873,0.0098384129729746,0.020460100175241358
874,0.0098384129729746,0.020460100175241358
875,0.0098384129729746,0.020460100175241358
876,0.0098384129729746,0.020460100175241358
877,0.0098384129729746,0.020460100175241358
878,0.0098384129729746,0.020460100175241358
879,0.0098384129729746,0.020460100175241358
880,0.0098384129729746,0.020460100175241358
881,0.0098384129729746,0.020460100175241358
882,0.0098384129729746,0.020460100175241358
883,0.0098384129729746,0.020460100175241358
884,0.0098384129729746,0.020460100175241358
885,0.0098384129729746,0.020460100175241358
886,0.0098384129729746,0.020460100175241358
887,0.0098384129729746,0.020460100175241358
888,0.0098384129729746,0.020460100175241358
889,0.0098384129729746,0.020460100175241358
890,0.0098384129729746,0.020460100175241358
891,0.0098384129729746,0.020460100175241358
892,0.0098384129729746,0.020460100175241358
893,0.0098384129729746,0.020460100175241358
894,0.0098384129729746,0.020460100175241358
895,0.0098384129729746,0.020460100175241358
896,0.0098384129729746,0.020460100175241358
897,0.0098384129729746,0.020460100175241358
898,0.0098384129729746,0.020460100175241358
899,0.0098384129729746,0.020460100175241358
900,0.0098384129729746,0.020460100175241358
901,0.0098384129729746,0.020460100175241358
902,0.0098384129729746,0.020460100175241358
903,0.0098384129729746,0.020460100175241358
904,0.0098384129729746,0.020460100175241358
905,0.0098384129729746,0.020460100175241358
906,0.0098384129729746,0.020460100175241358
907,0.0098384129729746,0.020460100175241358
908,0.0098384129729746,0.020460100175241358
909,0.0098384129729746,0.020460100175241358
910,0.0098384129729746,0.020460100175241358
911,0.0098384129729746,0.020460100175241358
912,0.0098384129729746,0.020460100175241358
913,0.0098384129729746,0.020460100175241358
914,0.0098384129729746,0.020460100175241358
915,0.0098384129729746,0.020460100175241358
916,0.0098384129729746,0.020460100175241358
917,0.0098384129729746,0.020460100175241358
918,0.0098384129729746,0.020460100175241358
919,0.0098384129729746,0.020460100175241358
920,0.0098384129729746,0.020460100175241358
921,0.0098384129729746,0.020460100175241358
922,0.0098384129729746,0.020460100175241358
923,0.0098384129729746,0.020460100175241358
924,0.0098384129729746,0.020460100175241358
925,0.0098384129729746,0.020460100175241358
926,0.0098384129729746,0.020460100175241358
927,0.0098384129729746,0.020460100175241358
928,0.0098384129729746,0.020460100175241358
929,0.0098384129729746,0.020460100175241358
930,0.0098384129729746,0.020460100175241358
931,0.0098384129729746,0.020460100175241358
932,0.0098384129729746,0.020460100175241358
933,0.0098384129729746,0.020460100175241358
934,0.0098384129729746,0.020460100175241358
935,0.0098384129729746,0.020460100175241358
936,0.0098384129729746,0.020460100175241358
937,0.0098384129729746,0.020460100175241358
938,0.0098384129729746,0.020460100175241358
939,0.0098384129729746,0.020460100175241358
940,0.0098384129729746,0.020460100175241358
941,0.0098384129729746,0.020460100175241358
942,0.0098384129729746,0.020460100175241358
943,0.0098384129729746,0.020460100175241358
944,0.0098384129729746,0.020460100175241358
945,0.0098384129729746,0.020460100175241358
946,0.0098384129729746,0.020460100175241358
947,0.0098384129729746,0.020460100175241358
948,0.0098384129729746,0.020460100175241358
949,0.0098384129729746,0.020460100175241358
950,0.0098384129729746,0.020460100175241358
951,0.0098384129729746,0.020460100175241358
952,0.0098384129729746,0.020460100175241358
953,0.0098384129729746,0.020460100175241358
954,0.0098384129729746,0.020460100175241358
955,0.0098384129729746,0.020460100175241358
956,0.0098384129729746,0.020460100175241358
957,0.0098384129729746,0.020460100175241358
958,0.0098384129729746,0.020460100175241358
959,0.0098384129729746,0.020460100175241358
960,0.0098384129729746,0.020460100175241358
961,0.0098384129729746,0.020460100175241358
962,0.0098384129729746,0.020460100175241358
963,0.0098384129729746,0.020460100175241358
964,0.0098384129729746,0.020460100175241358
965,0.0098384129729746,0.020460100175241358
966,0.0098384129729746,0.020460100175241358
967,0.0098384129729746,0.020460100175241358
968,0.0098384129729746,0.020460100175241358
969,0.0098384129729746,0.020460100175241358
970,0.0098384129729746,0.020460100175241358
971,0.0098384129729746,0.020460100175241358
972,0.0098384129729746,0.020460100175241358
973,0.0098384129729746,0.020460100175241358
974,0.0098384129729746,0.020460100175241358
975,0.0098384129729746,0.020460100175241358
976,0.0098384129729746,0.020460100175241358
977,0.0098384129729746,0.020460100175241358
978,0.0098384129729746,0.020460100175241358
979,0.0098384129729746,0.020460100175241358
980,0.0098384129729746,0.020460100175241358
981,0.0098384129729746,0.020460100175241358
982,0.0098384129729746,0.020460100175241358
983,0.0098384129729746,0.020460100175241358
984,0.0098384129729746,0.020460100175241358
985,0.0098384129729746,0.020460100175241358
986,0.0098384129729746,0.020460100175241358
987,0.0098384129729746,0.020460100175241358
988,0.0098384129729746,0.020460100175241358
989,0.0098384129729746,0.020460100175241358
990,0.0098384129729746,0.020460100175241358
991,0.0098384129729746,0.020460100175241358
992,0.0098384129729746,0.020460100175241358
993,0.0098384129729746,0.020460100175241358
994,0.0098384129729746,0.020460100175241358
995,0.0098384129729746,0.020460100175241358
996,0.0098384129729746,0.020460100175241358
997,0.0098384129729746,0.020460100175241358
998,0.0098384129729746,0.020460100175241358
999,0.0098384129729746,0.020460100175241358
